TF	gene	nMotifs	bestMotif	NES	highConfAnnot	Genie3Weight
CEBPD	IL18	4	tfdimers__MD00359	3.46	TRUE	0.00643229058318338
CEBPD	IL18RAP	6	tfdimers__MD00359	3.46	TRUE	0.0158000152474084
CEBPD	TNFSF10	3	tfdimers__MD00359	3.46	TRUE	0.0069369724383769
CEBPD	XCL2	1	tfdimers__MD00359	3.46	TRUE	0.0185759119061446
CEBPD	CHST2	1	transfac_pro__M01866	3.43	FALSE	0.0110850220691379
CEBPD	IFNGR1	2	transfac_pro__M01866	3.43	FALSE	0.0067334740270099
CEBPD	LDB2	1	transfac_pro__M01866	3.43	FALSE	0.0114968253159197
CEBPD	SH2D1B	1	transfac_pro__M01866	3.43	FALSE	0.0111069490048998
CEBPD	ADAM28	4	cisbp__M2268	3.33	FALSE	0.0059856130716197
CEBPD	C1orf162	3	cisbp__M2268	3.33	FALSE	0.0181409184674499
CEBPD	CAPN12	1	swissregulon__hs__CEBPA_B_DDIT3.p2	3.21	FALSE	0.00655059688939729
CEBPD	CCNJL	2	transfac_pro__M00912	3.21	TRUE	0.00831490402920937
CEBPD	CXXC5	2	transfac_pro__M00912	3.21	TRUE	0.0185602883489938
CEBPD	DHRS3	3	transfac_pro__M00912	3.21	TRUE	0.00634648432755843
CEBPD	GSN	3	transfac_pro__M00912	3.21	TRUE	0.0106797155514373
CEBPD	HSH2D	1	swissregulon__hs__CEBPA_B_DDIT3.p2	3.21	FALSE	0.0110007260769998
CEBPD	ITGA6	3	transfac_pro__M00912	3.21	TRUE	0.0072504972549485
CEBPD	KLRC1	1	swissregulon__hs__CEBPA_B_DDIT3.p2	3.21	FALSE	0.0133367074231021
CEBPD	NEIL1	1	swissregulon__hs__CEBPA_B_DDIT3.p2	3.21	FALSE	0.00771985551603413
CEBPD	TLE1	3	transfac_pro__M00912	3.21	TRUE	0.00677484815241907
CEBPD	TMIGD2	1	swissregulon__hs__CEBPA_B_DDIT3.p2	3.21	FALSE	0.0137321376758969
ETS1	MCM8	1	swissregulon__hs__ELF1_2_4.p2	3.34	FALSE	0.00396083284665449
ETS1	MDM4	1	swissregulon__hs__ELF1_2_4.p2	3.34	FALSE	0.008961668875217
ETS1	RPE	1	swissregulon__hs__ELF1_2_4.p2	3.34	FALSE	0.0054052985174855
ETS1	SNRNP200	1	swissregulon__hs__ELF1_2_4.p2	3.34	FALSE	0.00692971255334191
ETS1	YIPF4	1	swissregulon__hs__ELF1_2_4.p2	3.34	FALSE	0.00714304803234325
FOS	ATF3	130	transfac_pro__M04693	5.2	TRUE	0.0154819541328042
FOS	CSRNP1	78	transfac_pro__M04693	5.2	TRUE	0.0200250475601758
FOS	CST3	6	transfac_pro__M04693	5.2	TRUE	0.010694030038366
FOS	DDIT3	39	transfac_pro__M04693	5.2	TRUE	0.0111450159039455
FOS	DUSP1	99	transfac_pro__M04693	5.2	TRUE	0.0732718917173398
FOS	DUSP2	19	transfac_pro__M04693	5.2	TRUE	0.0245558663139663
FOS	GADD45B	33	transfac_pro__M04693	5.2	TRUE	0.0312141441875369
FOS	IFRD1	96	transfac_pro__M04693	5.2	TRUE	0.0132105290903674
FOS	JUNB	96	transfac_pro__M04693	5.2	TRUE	0.0606346760882982
FOS	KLF10	34	transfac_pro__M04693	5.2	TRUE	0.00692983561694711
FOS	LMNA	112	transfac_pro__M04693	5.2	TRUE	0.00896171992853746
FOS	NR4A2	38	transfac_pro__M04693	5.2	TRUE	0.0231202735317807
FOS	PMAIP1	14	transfac_pro__M04693	5.2	TRUE	0.0203815649948871
FOS	SERTAD1	72	transfac_pro__M04693	5.2	TRUE	0.0263570079157451
FOS	TNFAIP3	36	transfac_pro__M04693	5.2	TRUE	0.0163656300157106
FOS	ZC3H12A	52	transfac_pro__M04693	5.2	TRUE	0.00929157491917275
FOS	ZFP36	71	transfac_pro__M04693	5.2	TRUE	0.0426811785950056
FOS	ZNF331	12	taipale_cyt_meth__JUN_NATGACKCATN_FL	4.94	FALSE	0.00735157911039081
FOS	JUN	35	dbcorrdb__JUND__ENCSR000EBZ_1__m1	4.61	FALSE	0.0686435810524291
FOS	DNAJB1	10	hocomoco__FOS_HUMAN.H11MO.0.A	4.56	TRUE	0.0144652166874021
FOS	FAM43A	24	hocomoco__FOS_HUMAN.H11MO.0.A	4.56	TRUE	0.0163987689593954
FOS	FOSB	95	hocomoco__FOS_HUMAN.H11MO.0.A	4.56	TRUE	0.0397608475707997
FOS	IER3	19	hocomoco__FOS_HUMAN.H11MO.0.A	4.56	TRUE	0.0148997788825837
FOS	COQ7	26	transfac_pro__M00917	4.55	FALSE	0.00874462394941664
FOS	COTL1	32	hocomoco__FOS_MOUSE.H11MO.0.A	4.5	TRUE	0.0160605868834956
FOS	DUSP6	19	transfac_pro__M00916	4.17	FALSE	0.0105501731142307
FOS	IER2	17	transfac_pro__M00916	4.17	FALSE	0.0319900242396874
FOS	RGS1	2	transfac_pro__M00916	4.17	FALSE	0.0345596077184711
FOS	TRA2B	13	transfac_pro__M00916	4.17	FALSE	0.0131668451825659
FOS	TSC22D3	17	transfac_pro__M00916	4.17	FALSE	0.0429173735099645
FOS	ARL4A	24	swissregulon__hs__FOS_FOS_B_L1__JUN_B_D_.p2	4.08	TRUE	0.0157525503320773
FOS	CAPG	12	swissregulon__hs__FOS_FOS_B_L1__JUN_B_D_.p2	4.08	TRUE	0.0142399199831188
FOS	GSN	10	swissregulon__hs__FOS_FOS_B_L1__JUN_B_D_.p2	4.08	TRUE	0.00844735688493939
FOS	IRF8	12	swissregulon__hs__FOS_FOS_B_L1__JUN_B_D_.p2	4.08	TRUE	0.00676125820002363
FOS	LGALS9B	14	swissregulon__hs__FOS_FOS_B_L1__JUN_B_D_.p2	4.08	TRUE	0.00852520843641582
FOS	LYZ	21	swissregulon__hs__FOS_FOS_B_L1__JUN_B_D_.p2	4.08	TRUE	0.00966084016326325
FOS	MAFF	31	swissregulon__hs__FOS_FOS_B_L1__JUN_B_D_.p2	4.08	TRUE	0.0310713954604878
FOS	MYADM	11	swissregulon__hs__FOS_FOS_B_L1__JUN_B_D_.p2	4.08	TRUE	0.0136734956057494
FOS	PPP1R15A	19	swissregulon__hs__FOS_FOS_B_L1__JUN_B_D_.p2	4.08	TRUE	0.050878885466827
FOS	PTCH2	6	swissregulon__hs__FOS_FOS_B_L1__JUN_B_D_.p2	4.08	TRUE	0.0065615916361012
FOS	PTP4A1	58	swissregulon__hs__FOS_FOS_B_L1__JUN_B_D_.p2	4.08	TRUE	0.0130930585614424
FOS	YPEL5	35	swissregulon__hs__FOS_FOS_B_L1__JUN_B_D_.p2	4.08	TRUE	0.0157942934920496
FOS	CITED2	10	cisbp__M4590	4	TRUE	0.03213187742192
FOS	RGS2	11	cisbp__M4590	4	TRUE	0.0225761508681292
FOS	CD69	2	cisbp__M0352	3.84	FALSE	0.0406415582822367
FOS	IER5	6	cisbp__M4619	3.66	FALSE	0.0182729594279347
FOS	BEX2	3	dbcorrdb__ATF3__ENCSR000BNU_1__m1	3.63	FALSE	0.007769146015887
FOS	CXCR4	2	dbcorrdb__ATF3__ENCSR000BNU_1__m1	3.63	FALSE	0.0379687996571899
FOS	H2AFX	4	dbcorrdb__ATF3__ENCSR000BNU_1__m1	3.63	FALSE	0.0164877364504601
FOS	HEXIM1	2	dbcorrdb__ATF3__ENCSR000BNU_1__m1	3.63	FALSE	0.00851372560889163
FOS	NFKBIA	1	dbcorrdb__ATF3__ENCSR000BNU_1__m1	3.63	FALSE	0.0469560176116413
FOS	RHOB	6	scertf__spivak.GCN4	3.62	FALSE	0.0127611719626429
FOS	S100A8	14	transfac_pro__M03866	3.58	TRUE	0.00878193313898186
FOS	PHLDA1	5	taipale_cyt_meth__ATF2_NRTGAYGTMAYN_FL	3.56	FALSE	0.0101694505340717
FOS	C1orf162	3	taipale_cyt_meth__NFE2_NATGASTCATN_eDBD	3.53	FALSE	0.0126354377461756
FOS	MCL1	4	taipale_cyt_meth__CREB1_NRTGACGTCAYN_FL	3.5	FALSE	0.0143609618522326
FOS	TSPYL2	2	dbcorrdb__SP2__ENCSR000BQG_1__m2	3.47	FALSE	0.00755380543190507
FOS	IRS2	22	transfac_pro__M00924	3.39	TRUE	0.0114370367805229
FOS	XCL1	6	transfac_pro__M08929	3.37	FALSE	0.0165904273074087
FOS	FOS	25	transfac_pro__M00924	3.34	TRUE	NA
FOS	NCF1	2	stark__TGANTCA	3.22	TRUE	0.00664671386408442
FOS	S100A9	1	stark__TGANTCA	3.22	TRUE	0.0150373213255256
FOS	GZMK	1	cisbp__M2980	3.03	FALSE	0.0162647426057345
FOS	SOCS1	1	cisbp__M2980	3.03	FALSE	0.0108620276257082
FOXP1	ANK3	7	transfac_public__M00290	3.9	FALSE	0.0255109856810501
FOXP1	ARID5B	12	transfac_public__M00290	3.9	FALSE	0.010904181851197
FOXP1	BACH2	14	transfac_public__M00290	3.9	FALSE	0.0291624727349173
FOXP1	CD55	10	transfac_public__M00290	3.9	FALSE	0.00699213026039235
FOXP1	CEP68	7	transfac_public__M00290	3.9	FALSE	0.00570869357742387
FOXP1	FAM117B	11	transfac_public__M00290	3.9	FALSE	0.0179571835533759
FOXP1	FOXO1	12	transfac_public__M00290	3.9	FALSE	0.0163392189582064
FOXP1	FOXP1	22	transfac_public__M00290	3.9	FALSE	NA
FOXP1	KLF7	12	transfac_public__M00290	3.9	FALSE	0.00655846755515998
FOXP1	PLXNC1	20	transfac_public__M00290	3.9	FALSE	0.00534312305687798
FOXP1	RPS6KA5	12	transfac_public__M00290	3.9	FALSE	0.0137082288639799
FOXP1	RREB1	8	transfac_public__M00290	3.9	FALSE	0.00789350002007326
FOXP1	SLC12A6	18	transfac_public__M00290	3.9	FALSE	0.00981643853791912
FOXP1	SLC25A36	10	transfac_public__M00290	3.9	FALSE	0.00627489820756094
FOXP1	SMAP2	13	transfac_public__M00290	3.9	FALSE	0.0151349503403808
FOXP1	SSBP2	7	transfac_public__M00290	3.9	FALSE	0.0124689540505882
FOXP1	TLK1	6	transfac_public__M00290	3.9	FALSE	0.00999968938644675
FOXP1	ABLIM1	8	taipale_cyt_meth__FOXI1_NANGTAAACAAN_FL_repr	3.65	FALSE	0.0107426177891193
FOXP1	AFF3	6	taipale_cyt_meth__FOXI1_NANGTAAACAAN_FL_repr	3.65	FALSE	0.0124223021246448
FOXP1	ANTXR2	1	taipale_cyt_meth__FOXI1_NANGTAAACAAN_FL_repr	3.65	FALSE	0.00989505979175822
FOXP1	HABP4	1	taipale_cyt_meth__FOXI1_NANGTAAACAAN_FL_repr	3.65	FALSE	0.00673018649666137
FOXP1	IPCEF1	2	taipale_cyt_meth__FOXI1_NANGTAAACAAN_FL_repr	3.65	FALSE	0.00934805477231587
FOXP1	MAP3K1	4	taipale_cyt_meth__FOXI1_NANGTAAACAAN_FL_repr	3.65	FALSE	0.0116142171201483
FOXP1	MGAT5	4	taipale_cyt_meth__FOXI1_NANGTAAACAAN_FL_repr	3.65	FALSE	0.0120395739217551
FOXP1	MLLT3	6	taipale_cyt_meth__FOXI1_NANGTAAACAAN_FL_repr	3.65	FALSE	0.013131427545885
FOXP1	OPRM1	2	taipale_cyt_meth__FOXI1_NANGTAAACAAN_FL_repr	3.65	FALSE	0.00921822087016196
FOXP1	OXR1	4	taipale_cyt_meth__FOXI1_NANGTAAACAAN_FL_repr	3.65	FALSE	0.00700453643067601
FOXP1	P2RY10	5	taipale_cyt_meth__FOXI1_NANGTAAACAAN_FL_repr	3.65	FALSE	0.00461729650814367
FOXP1	PAG1	2	taipale_cyt_meth__FOXI1_NANGTAAACAAN_FL_repr	3.65	FALSE	0.0161902181665927
FOXP1	RPS6KA2	3	taipale_cyt_meth__FOXI1_NANGTAAACAAN_FL_repr	3.65	FALSE	0.00619292515169683
FOXP1	RUNX2	1	taipale_cyt_meth__FOXI1_NANGTAAACAAN_FL_repr	3.65	FALSE	0.00949929128280421
FOXP1	STRBP	3	taipale_cyt_meth__FOXI1_NANGTAAACAAN_FL_repr	3.65	FALSE	0.007498729462704
FOXP1	TCP11L2	6	taipale_cyt_meth__FOXI1_NANGTAAACAAN_FL_repr	3.65	FALSE	0.00684465819349526
FOXP1	THEMIS	1	taipale_cyt_meth__FOXI1_NANGTAAACAAN_FL_repr	3.65	FALSE	0.0180637176764731
FOXP1	DOCK9	11	cisbp__M0733	3.63	FALSE	0.0134079508281316
FOXP1	HIVEP2	9	cisbp__M0733	3.63	FALSE	0.0202848612254875
FOXP1	IGF1R	8	cisbp__M0733	3.63	FALSE	0.0126794024905695
FOXP1	MAML2	6	cisbp__M0733	3.63	FALSE	0.0254077046985192
FOXP1	NR3C2	7	cisbp__M0733	3.63	FALSE	0.016540035236326
FOXP1	PDK1	2	cisbp__M0733	3.63	FALSE	0.0081137085168573
FOXP1	PLCL1	8	cisbp__M0733	3.63	FALSE	0.0187792063936763
FOXP1	SMAD3	6	cisbp__M0733	3.63	FALSE	0.00898586759287959
FOXP1	ZEB1	8	cisbp__M0733	3.63	FALSE	0.0157329302390785
FOXP1	ZNF516	2	cisbp__M0736	3.49	FALSE	0.00591550724635218
FOXP1	ECE1	7	cisbp__M0747	3.46	FALSE	0.00484915157082295
FOXP1	HIVEP1	5	cisbp__M0747	3.46	FALSE	0.0114540002705802
FOXP1	JMY	5	cisbp__M0747	3.46	FALSE	0.0086370919359561
FOXP1	ZBTB10	7	cisbp__M0747	3.46	FALSE	0.00575444757414064
FOXP1	DLG2	5	taipale_cyt_meth__FOXQ1_NTAYRTAAACAN_eDBD	3.4	FALSE	0.00611396074115322
FOXP1	FILIP1L	5	taipale_cyt_meth__FOXQ1_NTAYRTAAACAN_eDBD	3.4	FALSE	0.00596179553176193
FOXP1	ARHGEF18	1	hocomoco__FOXL2_MOUSE.H11MO.0.C	3.31	FALSE	0.0135929135323738
FOXP1	ATP2B1	1	hocomoco__FOXL2_MOUSE.H11MO.0.C	3.31	FALSE	0.010405741110741
FOXP1	BCL2	2	hocomoco__FOXL2_MOUSE.H11MO.0.C	3.31	FALSE	0.0126072283261249
FOXP1	CEP170	1	hocomoco__FOXL2_MOUSE.H11MO.0.C	3.31	FALSE	0.00659197679515648
FOXP1	CLN5	2	hocomoco__FOXL2_MOUSE.H11MO.0.C	3.31	FALSE	0.0050420941834549
FOXP1	CNST	1	hocomoco__FOXL2_MOUSE.H11MO.0.C	3.31	FALSE	0.00961888445270141
FOXP1	CSGALNACT1	2	hocomoco__FOXL2_MOUSE.H11MO.0.C	3.31	FALSE	0.0111020961604075
FOXP1	EML4	1	hocomoco__FOXL2_MOUSE.H11MO.0.C	3.31	FALSE	0.012754213396542
FOXP1	FAM13A	1	hocomoco__FOXL2_MOUSE.H11MO.0.C	3.31	FALSE	0.00745490041405681
FOXP1	FHIT	1	hocomoco__FOXL2_MOUSE.H11MO.0.C	3.31	FALSE	0.0154742697891755
FOXP1	FMN1	1	hocomoco__FOXL2_MOUSE.H11MO.0.C	3.31	FALSE	0.0164969714775723
FOXP1	GAB2	2	hocomoco__FOXL2_MOUSE.H11MO.0.C	3.31	FALSE	0.00621008289035429
FOXP1	GNAQ	1	hocomoco__FOXL2_MOUSE.H11MO.0.C	3.31	FALSE	0.0140689285701729
FOXP1	GPR155	3	hocomoco__FOXL2_MOUSE.H11MO.0.C	3.31	FALSE	0.00665243907043585
FOXP1	HECA	3	hocomoco__FOXL2_MOUSE.H11MO.0.C	3.31	FALSE	0.0121717596449652
FOXP1	IFNGR2	1	hocomoco__FOXL2_MOUSE.H11MO.0.C	3.31	FALSE	0.0060875628490608
FOXP1	IMMP2L	1	hocomoco__FOXL2_MOUSE.H11MO.0.C	3.31	FALSE	0.0136365520597353
FOXP1	INPP4B	1	hocomoco__FOXL2_MOUSE.H11MO.0.C	3.31	FALSE	0.0313405972214986
FOXP1	KIAA0355	1	hocomoco__FOXL2_MOUSE.H11MO.0.C	3.31	FALSE	0.00498186778584328
FOXP1	KLHL24	7	hocomoco__FOXL2_MOUSE.H11MO.0.C	3.31	FALSE	0.0081453480521212
FOXP1	LANCL2	1	hocomoco__FOXL2_MOUSE.H11MO.0.C	3.31	FALSE	0.00475601645379231
FOXP1	LRIG1	1	hocomoco__FOXL2_MOUSE.H11MO.0.C	3.31	FALSE	0.00579879036423648
FOXP1	LRRC8C	4	hocomoco__FOXL2_MOUSE.H11MO.0.C	3.31	FALSE	0.0119515520479237
FOXP1	MAST4	1	hocomoco__FOXL2_MOUSE.H11MO.0.C	3.31	FALSE	0.00527732489474041
FOXP1	MLXIP	1	hocomoco__FOXL2_MOUSE.H11MO.0.C	3.31	FALSE	0.00510306985594278
FOXP1	NCK2	5	hocomoco__FOXL2_MOUSE.H11MO.0.C	3.31	FALSE	0.0158905877538965
FOXP1	PELI1	1	hocomoco__FOXL2_MOUSE.H11MO.0.C	3.31	FALSE	0.0139439116244041
FOXP1	PIK3CB	1	hocomoco__FOXL2_MOUSE.H11MO.0.C	3.31	FALSE	0.00754443192232178
FOXP1	PVT1	1	hocomoco__FOXL2_MOUSE.H11MO.0.C	3.31	FALSE	0.0119438079566956
FOXP1	RAB30	1	hocomoco__FOXL2_MOUSE.H11MO.0.C	3.31	FALSE	0.00704752410610431
FOXP1	RAB3GAP1	1	hocomoco__FOXL2_MOUSE.H11MO.0.C	3.31	FALSE	0.0109137613567358
FOXP1	RAB43	1	hocomoco__FOXL2_MOUSE.H11MO.0.C	3.31	FALSE	0.00614413042903392
FOXP1	RALGPS2	1	hocomoco__FOXL2_MOUSE.H11MO.0.C	3.31	FALSE	0.00742838800823361
FOXP1	RASGRF2	1	hocomoco__FOXL2_MOUSE.H11MO.0.C	3.31	FALSE	0.0143060325679137
FOXP1	RNF157	1	hocomoco__FOXL2_MOUSE.H11MO.0.C	3.31	FALSE	0.00894104246903825
FOXP1	RNF24	1	hocomoco__FOXL2_MOUSE.H11MO.0.C	3.31	FALSE	0.00558491746102227
FOXP1	SAMD12	1	hocomoco__FOXL2_MOUSE.H11MO.0.C	3.31	FALSE	0.00923763131197559
FOXP1	SDCCAG8	2	hocomoco__FOXL2_MOUSE.H11MO.0.C	3.31	FALSE	0.00715210290422989
FOXP1	SERINC5	1	hocomoco__FOXL2_MOUSE.H11MO.0.C	3.31	FALSE	0.0271197993852938
FOXP1	SGTB	1	hocomoco__FOXL2_MOUSE.H11MO.0.C	3.31	FALSE	0.00787016270226
FOXP1	SIAH1	2	hocomoco__FOXL2_MOUSE.H11MO.0.C	3.31	FALSE	0.00519472025114366
FOXP1	SNX9	1	hocomoco__FOXL2_MOUSE.H11MO.0.C	3.31	FALSE	0.0133541220021804
FOXP1	SPTBN1	3	hocomoco__FOXL2_MOUSE.H11MO.0.C	3.31	FALSE	0.00642608599555875
FOXP1	TAB2	1	hocomoco__FOXL2_MOUSE.H11MO.0.C	3.31	FALSE	0.0119361876877419
FOXP1	TAPT1	1	hocomoco__FOXL2_MOUSE.H11MO.0.C	3.31	FALSE	0.00611500457822916
FOXP1	TFRC	1	hocomoco__FOXL2_MOUSE.H11MO.0.C	3.31	FALSE	0.00475809723682864
FOXP1	TP53INP1	2	hocomoco__FOXL2_MOUSE.H11MO.0.C	3.31	FALSE	0.00448098602253642
FOXP1	TSHZ2	2	hocomoco__FOXL2_MOUSE.H11MO.0.C	3.31	FALSE	0.0339804371290515
FOXP1	TTN	1	hocomoco__FOXL2_MOUSE.H11MO.0.C	3.31	FALSE	0.00722737039628218
FOXP1	ZC3H7A	1	hocomoco__FOXL2_MOUSE.H11MO.0.C	3.31	FALSE	0.0056853146106804
FOXP1	FKBP5	1	taipale_cyt_meth__FOXQ1_NTAYRTAAACAN_eDBD_meth	3.25	FALSE	0.014150129536555
FOXP1	LEF1	2	cisbp__M2261	3.24	FALSE	0.032335450355238
FOXP1	C9orf72	1	flyfactorsurvey__slp1_NAR_FBgn0003430	3.22	FALSE	0.00608462612872971
FOXP1	IL6ST	1	transfac_pro__M07709	3.02	FALSE	0.0212612800788092
FOXP1	PDE7A	1	transfac_pro__M07709	3.02	FALSE	0.0165538695018034
JUN	FEM1C	35	taipale_cyt_meth__JDP2_NRTGAYGTCAYN_FL	5.21	FALSE	0.00680043528717219
JUN	ARF4	9	dbcorrdb__CREB1__ENCSR000BRB_1__m1	5.14	FALSE	0.00758629973509486
JUN	CERCAM	9	dbcorrdb__CREB1__ENCSR000BRB_1__m1	5.14	FALSE	0.0087850164467882
JUN	CHMP1A	1	dbcorrdb__CREB1__ENCSR000BRB_1__m1	5.14	FALSE	0.00811548176915252
JUN	CITED2	30	dbcorrdb__CREB1__ENCSR000BRB_1__m1	5.14	FALSE	0.08525878293873
JUN	DDX3X	37	dbcorrdb__CREB1__ENCSR000BRB_1__m1	5.14	FALSE	0.0104453754329312
JUN	MS4A1	15	dbcorrdb__CREB1__ENCSR000BRB_1__m1	5.14	FALSE	0.00590584691526243
JUN	MYLIP	13	dbcorrdb__CREB1__ENCSR000BRB_1__m1	5.14	FALSE	0.0250800694601483
JUN	MYOM2	39	dbcorrdb__CREB1__ENCSR000BRB_1__m1	5.14	FALSE	0.0165146437087023
JUN	NAP1L5	27	dbcorrdb__CREB1__ENCSR000BRB_1__m1	5.14	FALSE	0.00613772148958824
JUN	PLOD1	4	dbcorrdb__CREB1__ENCSR000BRB_1__m1	5.14	FALSE	0.00598585126965503
JUN	TIFA	4	dbcorrdb__CREB1__ENCSR000BRB_1__m1	5.14	FALSE	0.00588936266304891
JUN	TLE4	18	dbcorrdb__CREB1__ENCSR000BRB_1__m1	5.14	FALSE	0.0142475775553681
JUN	YPEL5	15	dbcorrdb__CREB1__ENCSR000BRB_1__m1	5.14	FALSE	0.0313642738338023
JUN	TPD52L2	11	taipale_cyt_meth__ATF2_NRTGAYGTCAYN_eDBD	4.95	FALSE	0.00767797264736288
JUN	ZBTB10	8	taipale_cyt_meth__ATF2_NRTGAYGTMAYN_FL_meth	4.78	FALSE	0.0128610046159972
JUN	IER5	31	transfac_pro__M09526	4.62	FALSE	0.070203819045003
JUN	QSOX1	7	hocomoco__ATF2_HUMAN.H11MO.2.C	4.62	FALSE	0.00576982583191618
JUN	KLF10	14	homer__GATGACGTCA_Atf1	4.5	FALSE	0.0108367643982021
JUN	FES	9	swissregulon__hs__ATF5_CREB3.p2	4.49	FALSE	0.00616392774709494
JUN	GLA	24	taipale_cyt_meth__CREB3L4_NRTGACGTCAYN_eDBD	4.49	FALSE	0.00636311520772645
JUN	KCNQ1OT1	13	taipale_cyt_meth__CREB3L4_NRTGACGTCAYN_eDBD	4.49	FALSE	0.00638181075346624
JUN	TOB1	9	swissregulon__hs__ATF5_CREB3.p2	4.49	FALSE	0.0132895262453385
JUN	PHLDA1	12	taipale_cyt_meth__XBP1_NRTGACGTCAYN_FL	4.47	FALSE	0.0220322512202751
JUN	CKS2	22	dbcorrdb__ATF1__ENCSR000DNZ_1__m2	4.28	FALSE	0.0124076107977944
JUN	DNAJB1	8	dbcorrdb__ATF1__ENCSR000DNZ_1__m2	4.28	FALSE	0.0368067166931552
JUN	PF4	5	dbcorrdb__ATF1__ENCSR000DNZ_1__m2	4.28	FALSE	0.018689085751853
JUN	ATF3	255	taipale_tf_pairs__JUN_ATGACGTCAT_HT	4.25	TRUE	0.0612937503390863
JUN	BCAS2	180	taipale_tf_pairs__JUN_ATGACGTCAT_HT	4.25	TRUE	0.0098982868001622
JUN	BRD2	162	taipale_tf_pairs__JUN_ATGACGTCAT_HT	4.25	TRUE	0.0198063017320922
JUN	BTG3	155	taipale_tf_pairs__JUN_ATGACGTCAT_HT	4.25	TRUE	0.00778401006060384
JUN	CCNL1	109	taipale_tf_pairs__JUN_ATGACGTCAT_HT	4.25	TRUE	0.029083528471996
JUN	CHMP1B	187	taipale_tf_pairs__JUN_ATGACGTCAT_HT	4.25	TRUE	0.0201922164915295
JUN	COQ7	174	taipale_tf_pairs__JUN_ATGACGTCAT_HT	4.25	TRUE	0.0109071674820505
JUN	CREM	224	taipale_tf_pairs__JUN_ATGACGTCAT_HT	4.25	TRUE	0.0089494909205459
JUN	CYB5D2	112	taipale_tf_pairs__JUN_ATGACGTCAT_HT	4.25	TRUE	0.00527208418824696
JUN	CYCS	214	taipale_tf_pairs__JUN_ATGACGTCAT_HT	4.25	TRUE	0.018782305226096
JUN	DUSP1	251	taipale_tf_pairs__JUN_ATGACGTCAT_HT	4.25	TRUE	0.13335627697666
JUN	DUSP10	203	taipale_tf_pairs__JUN_ATGACGTCAT_HT	4.25	TRUE	0.0135060465041118
JUN	ERF	170	taipale_tf_pairs__JUN_ATGACGTCAT_HT	4.25	TRUE	0.00747790531589562
JUN	FAM53C	207	taipale_tf_pairs__JUN_ATGACGTCAT_HT	4.25	TRUE	0.0128899411342804
JUN	FOS	186	taipale_tf_pairs__JUN_ATGACGTCAT_HT	4.25	TRUE	0.0860901366210766
JUN	FOSB	231	taipale_tf_pairs__JUN_ATGACGTCAT_HT	4.25	TRUE	0.0352351925089283
JUN	IER2	117	taipale_tf_pairs__JUN_ATGACGTCAT_HT	4.25	TRUE	0.089164729061602
JUN	ITPRIP	136	taipale_tf_pairs__JUN_ATGACGTCAT_HT	4.25	TRUE	0.00976033670446147
JUN	JUN	213	taipale_tf_pairs__JUN_ATGACGTCAT_HT	4.25	TRUE	NA
JUN	JUND	219	taipale_tf_pairs__JUN_ATGACGTCAT_HT	4.25	TRUE	0.0229669455126642
JUN	KDM6B	183	taipale_tf_pairs__JUN_ATGACGTCAT_HT	4.25	TRUE	0.00683327564417268
JUN	KLF11	224	taipale_tf_pairs__JUN_ATGACGTCAT_HT	4.25	TRUE	0.00512189094692887
JUN	KLF6	227	taipale_tf_pairs__JUN_ATGACGTCAT_HT	4.25	TRUE	0.0579806497977128
JUN	KLF9	155	taipale_tf_pairs__JUN_ATGACGTCAT_HT	4.25	TRUE	0.00534484268122604
JUN	KLHL15	173	taipale_tf_pairs__JUN_ATGACGTCAT_HT	4.25	TRUE	0.00542197753256274
JUN	MAFF	206	taipale_tf_pairs__JUN_ATGACGTCAT_HT	4.25	TRUE	0.015924152828599
JUN	MXD1	220	taipale_tf_pairs__JUN_ATGACGTCAT_HT	4.25	TRUE	0.0051607554692251
JUN	NR4A2	193	taipale_tf_pairs__JUN_ATGACGTCAT_HT	4.25	TRUE	0.0178328780514864
JUN	PER1	147	taipale_tf_pairs__JUN_ATGACGTCAT_HT	4.25	TRUE	0.0161014513758085
JUN	PPP1R15A	192	taipale_tf_pairs__JUN_ATGACGTCAT_HT	4.25	TRUE	0.111383562158344
JUN	PRR7	178	taipale_tf_pairs__JUN_ATGACGTCAT_HT	4.25	TRUE	0.00559423325994475
JUN	RCE1	202	taipale_tf_pairs__JUN_ATGACGTCAT_HT	4.25	TRUE	0.00629079432418589
JUN	SPATA2L	147	taipale_tf_pairs__JUN_ATGACGTCAT_HT	4.25	TRUE	0.00547870881730643
JUN	STX5	131	taipale_tf_pairs__JUN_ATGACGTCAT_HT	4.25	TRUE	0.0077398951401566
JUN	ZNF683	186	taipale_tf_pairs__JUN_ATGACGTCAT_HT	4.25	TRUE	0.0235752935782036
JUN	ZNF317	6	transfac_pro__M07667	4.2	FALSE	0.00465228300036665
JUN	FHL3	85	taipale_cyt_meth__JUN_NATGACGTCAYN_FL	4.18	TRUE	0.00975476209120577
JUN	GADD45A	123	taipale_cyt_meth__JUN_NATGACGTCAYN_FL	4.18	TRUE	0.0147872766092001
JUN	MARCKSL1	80	taipale_cyt_meth__JUN_NATGACGTCAYN_FL	4.18	TRUE	0.0164262239045397
JUN	NFKB2	129	taipale_cyt_meth__JUN_NATGACGTCAYN_FL	4.18	TRUE	0.00599963992634188
JUN	PPP1R10	126	taipale_cyt_meth__JUN_NATGACGTCAYN_FL	4.18	TRUE	0.0130859462902672
JUN	ZC3H12A	115	taipale_cyt_meth__JUN_NATGACGTCAYN_FL	4.18	TRUE	0.015033522455913
JUN	IL18RAP	11	transfac_pro__M08935	4.06	FALSE	0.00871431829232385
JUN	S100A9	17	transfac_pro__M08935	4.06	FALSE	0.0191016660359506
JUN	NCLN	8	taipale_cyt_meth__ATF6_NRTGACGTCAYN_eDBD	4.01	FALSE	0.00650972334347229
JUN	SIRT2	2	taipale_cyt_meth__ATF6B_NRTGAYGTCAYN_eDBD	3.89	FALSE	0.0102876889059587
JUN	ACP5	3	jaspar__MA0018.2	3.85	FALSE	0.00707092843691657
JUN	IFNG	12	cisbp__M0319	3.84	FALSE	0.0908351505400516
JUN	H2AFX	3	factorbook__CREB	3.79	FALSE	0.0451311637369917
JUN	CD69	3	homer__ATGACGTCATCC_c-Jun-CRE	3.69	FALSE	0.0850445193701205
JUN	PPBP	7	homer__ATGACGTCATCC_c-Jun-CRE	3.69	FALSE	0.0174972372596448
JUN	SLC2A3	5	homer__ATGACGTCATCC_c-Jun-CRE	3.69	FALSE	0.00865723241341779
JUN	SLC44A2	1	taipale__XBP1_DBD_GATGACGTCATC	3.67	FALSE	0.00816386453838037
JUN	ZNF821	3	transfac_pro__M07670	3.65	FALSE	0.00723588833882667
JUN	BOK	4	transfac_pro__M04693	3.64	FALSE	0.00957697334680284
JUN	CST3	2	transfac_pro__M04693	3.64	FALSE	0.0131125362388619
JUN	BHLHE40	81	hocomoco__JUN_HUMAN.H11MO.0.A	3.63	TRUE	0.0142607893931308
JUN	CSRNP1	34	hocomoco__JUN_HUMAN.H11MO.0.A	3.63	TRUE	0.0362198374630027
JUN	DUSP5	60	hocomoco__JUN_HUMAN.H11MO.0.A	3.63	TRUE	0.00784915246892017
JUN	GPATCH3	56	hocomoco__JUN_HUMAN.H11MO.0.A	3.63	TRUE	0.00538169915415501
JUN	HSPA5	75	hocomoco__JUN_HUMAN.H11MO.0.A	3.63	TRUE	0.0162897583005813
JUN	IFRD1	111	hocomoco__JUN_HUMAN.H11MO.0.A	3.63	TRUE	0.0361659115480424
JUN	JUNB	85	hocomoco__JUN_HUMAN.H11MO.0.A	3.63	TRUE	0.0963172825023938
JUN	LDLR	36	hocomoco__JUN_HUMAN.H11MO.0.A	3.63	TRUE	0.00663427218478219
JUN	LMNA	44	hocomoco__JUN_HUMAN.H11MO.0.A	3.63	TRUE	0.0108047623176762
JUN	PRNP	148	hocomoco__JUN_HUMAN.H11MO.0.A	3.63	TRUE	0.0103556667465639
JUN	SERTAD1	27	hocomoco__JUN_HUMAN.H11MO.0.A	3.63	TRUE	0.0663266861292276
JUN	SLC38A2	33	hocomoco__JUN_HUMAN.H11MO.0.A	3.63	TRUE	0.0206407619048552
JUN	SLC9A1	58	hocomoco__JUN_HUMAN.H11MO.0.A	3.63	TRUE	0.00837550443727634
JUN	TJAP1	43	hocomoco__JUN_HUMAN.H11MO.0.A	3.63	TRUE	0.00508293907891682
JUN	TMBIM1	118	hocomoco__JUN_HUMAN.H11MO.0.A	3.63	TRUE	0.0125213546638566
JUN	TOM1	103	hocomoco__JUN_HUMAN.H11MO.0.A	3.63	TRUE	0.00563015110227378
JUN	ZFAND2A	117	hocomoco__JUN_HUMAN.H11MO.0.A	3.63	TRUE	0.00820210030884839
JUN	ZFP36	31	hocomoco__JUN_HUMAN.H11MO.0.A	3.63	TRUE	0.0250617530508171
JUN	DNAJB9	2	dbcorrdb__CREB1__ENCSR000BRB_1__m1	3.6	FALSE	0.0136006313608411
JUN	ABHD5	46	cisbp__M0311	3.57	TRUE	0.00812279932589083
JUN	ARL4A	68	cisbp__M0311	3.57	TRUE	0.0243745865968321
JUN	ARRDC3	6	cisbp__M0311	3.57	TRUE	0.00832278165413122
JUN	ATF4	57	cisbp__M0311	3.57	TRUE	0.0285615100677976
JUN	C11orf71	43	cisbp__M0311	3.57	TRUE	0.00588367911685266
JUN	CLK1	47	cisbp__M0311	3.57	TRUE	0.0202689815684067
JUN	DDIT3	65	cisbp__M0311	3.57	TRUE	0.0360061880341367
JUN	DPH3	78	cisbp__M0311	3.57	TRUE	0.0112164684812916
JUN	DUSP6	29	cisbp__M0311	3.57	TRUE	0.019298361822133
JUN	EFCAB2	20	cisbp__M0311	3.57	TRUE	0.00796782377403219
JUN	EIF5A	30	cisbp__M0311	3.57	TRUE	0.0175711272526983
JUN	ING1	65	cisbp__M0311	3.57	TRUE	0.00707310255908413
JUN	IRS2	12	cisbp__M0311	3.57	TRUE	0.00847907381452054
JUN	LYZ	31	cisbp__M0311	3.57	TRUE	0.021058876391307
JUN	MCL1	67	cisbp__M0311	3.57	TRUE	0.0170924308112721
JUN	MED30	100	cisbp__M0311	3.57	TRUE	0.00801079650378472
JUN	MEPCE	71	cisbp__M0311	3.57	TRUE	0.00774595864937582
JUN	NCAPH2	129	cisbp__M0311	3.57	TRUE	0.00665291316108147
JUN	NEU1	19	cisbp__M0311	3.57	TRUE	0.0135162470636311
JUN	NFYA	11	cisbp__M0311	3.57	TRUE	0.00438593838743692
JUN	NISCH	3	cisbp__M0311	3.57	TRUE	0.00531841055474436
JUN	PMAIP1	115	cisbp__M0311	3.57	TRUE	0.0414211963896734
JUN	POFUT2	2	cisbp__M0311	3.57	TRUE	0.0062982485853424
JUN	PTGDS	49	cisbp__M0311	3.57	TRUE	0.0112786499196782
JUN	PTP4A1	105	cisbp__M0311	3.57	TRUE	0.0175718007207099
JUN	RBM7	41	cisbp__M0311	3.57	TRUE	0.0185810495821294
JUN	RGS2	35	cisbp__M0311	3.57	TRUE	0.0341621496313538
JUN	RIPK2	95	cisbp__M0311	3.57	TRUE	0.00683320734928792
JUN	RNF139	54	cisbp__M0311	3.57	TRUE	0.0118390346823221
JUN	SBDS	70	cisbp__M0311	3.57	TRUE	0.0225652245029636
JUN	SESN2	25	cisbp__M0311	3.57	TRUE	0.0055041171387907
JUN	SLC1A7	14	cisbp__M0311	3.57	TRUE	0.00883161333316966
JUN	SRSF7	18	cisbp__M0311	3.57	TRUE	0.0240916880706061
JUN	TIMP1	14	cisbp__M0311	3.57	TRUE	0.0120206413119148
JUN	TMEM91	31	cisbp__M0311	3.57	TRUE	0.00434855424011124
JUN	TNF	40	cisbp__M0311	3.57	TRUE	0.0166050061267067
JUN	TNFAIP3	46	cisbp__M0311	3.57	TRUE	0.0217031796270545
JUN	TOPORS	93	cisbp__M0311	3.57	TRUE	0.00891388062291041
JUN	TSC22D3	73	cisbp__M0311	3.57	TRUE	0.0422932451324031
JUN	TSPYL4	105	cisbp__M0311	3.57	TRUE	0.00551835648453105
JUN	ZFAND5	113	cisbp__M0311	3.57	TRUE	0.0157295262253644
JUN	CYBRD1	16	hocomoco__JUN_MOUSE.H11MO.0.A	3.52	TRUE	0.00759684975509752
JUN	FAM43A	12	hocomoco__JUN_MOUSE.H11MO.0.A	3.52	TRUE	0.0148629781743297
JUN	FCHO1	2	hocomoco__JUN_MOUSE.H11MO.0.A	3.52	TRUE	0.00415996032107079
JUN	HIST2H2BE	3	dbcorrdb__ATF1__ENCSR000DNZ_1__m2	3.52	FALSE	0.0067928274551293
JUN	HMGCS1	36	hocomoco__JUN_MOUSE.H11MO.0.A	3.52	TRUE	0.00483658390873232
JUN	TUBA1C	9	hocomoco__JUN_MOUSE.H11MO.0.A	3.52	TRUE	0.00757970592849621
JUN	LAMP1	2	taipale_cyt_meth__JUND_NRTGACGCATN_eDBD_repr	3.49	FALSE	0.0208494583315745
JUN	TWF1	1	taipale_cyt_meth__JUND_NRTGACGCATN_eDBD_repr	3.49	FALSE	0.00521363063317344
JUN	AK5	4	dbcorrdb__JUN__ENCSR000EZW_1__m1	3.45	TRUE	0.00926098180495403
JUN	GADD45B	17	dbcorrdb__JUN__ENCSR000EZW_1__m1	3.45	TRUE	0.102257607858896
JUN	RBM39	9	dbcorrdb__JUN__ENCSR000EZW_1__m1	3.45	TRUE	0.0175717729143949
JUN	LAX1	2	transfac_pro__M08944	3.44	FALSE	0.005480386865252
JUN	PHYH	5	transfac_pro__M08944	3.44	FALSE	0.00796481189424035
JUN	AIF1	2	cisbp__M4571	3.43	FALSE	0.0119531091331852
JUN	AMD1	33	factorbook__v-JUN	3.4	TRUE	0.0227924082176744
JUN	CA11	27	factorbook__v-JUN	3.4	TRUE	0.00669890665497597
JUN	CACNA2D4	28	factorbook__v-JUN	3.4	TRUE	0.00812539981395576
JUN	CATSPER1	66	factorbook__v-JUN	3.4	TRUE	0.013325553528752
JUN	CCL3	66	factorbook__v-JUN	3.4	TRUE	0.0262941209611268
JUN	FCN1	62	factorbook__v-JUN	3.4	TRUE	0.00921232949550536
JUN	GPR132	89	factorbook__v-JUN	3.4	TRUE	0.00516218270542919
JUN	HEXIM1	27	factorbook__v-JUN	3.4	TRUE	0.0263555148972671
JUN	KLHL18	17	factorbook__v-JUN	3.4	TRUE	0.00779242996124155
JUN	LRRC59	45	factorbook__v-JUN	3.4	TRUE	0.00721961521835844
JUN	LST1	31	factorbook__v-JUN	3.4	TRUE	0.0135148921364861
JUN	MORF4L2	44	factorbook__v-JUN	3.4	TRUE	0.00999531316041915
JUN	MYADM	67	factorbook__v-JUN	3.4	TRUE	0.0239823628295225
JUN	NFKBIA	2	factorbook__v-JUN	3.4	TRUE	0.111825478140438
JUN	NFKBIZ	72	factorbook__v-JUN	3.4	TRUE	0.0194784754666504
JUN	PIGA	49	factorbook__v-JUN	3.4	TRUE	0.00680884514470219
JUN	RHOB	33	factorbook__v-JUN	3.4	TRUE	0.0615696442459735
JUN	SIGLEC7	42	factorbook__v-JUN	3.4	TRUE	0.0102880911379688
JUN	TICAM1	39	factorbook__v-JUN	3.4	TRUE	0.00712230444079396
JUN	TRA2A	93	factorbook__v-JUN	3.4	TRUE	0.0137019781729931
JUN	TRA2B	118	factorbook__v-JUN	3.4	TRUE	0.0454354925435814
JUN	TUBA1A	66	factorbook__v-JUN	3.4	TRUE	0.0417627158037257
JUN	PDZD4	1	cisbp__M0361	3.38	FALSE	0.00518940224422692
JUN	IRF7	2	taipale_cyt_meth__CREB5_NRTGAYGTCAYN_FL_meth	3.35	FALSE	0.00878898118741295
JUN	MICA	8	taipale_cyt_meth__CREB5_NRTGAYGTCAYN_FL_meth	3.35	FALSE	0.00624258545742322
JUN	TOB2	6	dbcorrdb__JUN__ENCSR000EFS_1__m1	3.35	TRUE	0.00655741317466167
JUN	PPP1R15B	69	jaspar__MA0488.1	3.28	TRUE	0.00657365027558819
JUN	COLQ	3	homer__NGRTGACGTCAY_Atf7	3.25	FALSE	0.00672929499198728
JUN	RGS1	50	cisbp__M4557	3.25	TRUE	0.0355910001090003
JUN	LIM2	1	swissregulon__sacCer__GCN4	3.24	FALSE	0.00870030223324443
JUN	PLIN2	2	swissregulon__sacCer__GCN4	3.24	FALSE	0.00846498078340133
JUN	PTCH2	1	swissregulon__sacCer__GCN4	3.24	FALSE	0.0153581682421001
JUN	STK25	1	factorbook__CREB	3.19	FALSE	0.00737149471491366
JUN	B3GNT2	39	taipale_tf_pairs__JUN_ATGACGTCAT_HT	3.17	TRUE	0.00566274757634966
JUN	CCDC59	46	taipale_tf_pairs__JUN_ATGACGTCAT_HT	3.17	TRUE	0.0120732388622072
JUN	CD83	82	taipale_tf_pairs__JUN_ATGACGTCAT_HT	3.17	TRUE	0.0219295995635766
JUN	EIF5AL1	27	taipale_tf_pairs__JUN_ATGACGTCAT_HT	3.17	TRUE	0.00860064262475215
JUN	HIST1H2BN	43	taipale_tf_pairs__JUN_ATGACGTCAT_HT	3.17	TRUE	0.00783116241525675
JUN	IER3	18	taipale_tf_pairs__JUN_ATGACGTCAT_HT	3.17	TRUE	0.0318259937528611
JUN	KTI12	20	taipale_tf_pairs__JUN_ATGACGTCAT_HT	3.17	TRUE	0.00757957430720848
JUN	LGALS9	23	taipale_tf_pairs__JUN_ATGACGTCAT_HT	3.17	TRUE	0.00859582782049573
JUN	LGALS9B	26	taipale_tf_pairs__JUN_ATGACGTCAT_HT	3.17	TRUE	0.00779090129129614
JUN	NXF1	19	taipale_tf_pairs__JUN_ATGACGTCAT_HT	3.17	TRUE	0.0150406490989779
JUN	PECAM1	5	taipale_tf_pairs__JUN_ATGACGTCAT_HT	3.17	TRUE	0.00518118076579965
JUN	PRCP	14	taipale_tf_pairs__JUN_ATGACGTCAT_HT	3.17	TRUE	0.00513825138980034
JUN	RPL39L	20	taipale_tf_pairs__JUN_ATGACGTCAT_HT	3.17	TRUE	0.00606341046258114
JUN	S100B	10	taipale_tf_pairs__JUN_ATGACGTCAT_HT	3.17	TRUE	0.0207474796705931
JUN	SAT1	92	taipale_tf_pairs__JUN_ATGACGTCAT_HT	3.17	TRUE	0.0438850647152436
JUN	TEX14	49	swissregulon__hs__JUN.p2	3.17	TRUE	0.0362771306793246
JUN	TKTL1	11	taipale_tf_pairs__JUN_ATGACGTCAT_HT	3.17	TRUE	0.00710658011091372
JUN	TSPYL2	8	taipale_tf_pairs__JUN_ATGACGTCAT_HT	3.17	TRUE	0.0221341692837219
JUN	TYMP	8	taipale_tf_pairs__JUN_ATGACGTCAT_HT	3.17	TRUE	0.00876027798242172
JUN	UAP1	93	taipale_tf_pairs__JUN_ATGACGTCAT_HT	3.17	TRUE	0.00886182888426937
JUN	UBE2J1	25	taipale_tf_pairs__JUN_ATGACGTCAT_HT	3.17	TRUE	0.00820723164217838
JUN	UBE2S	43	taipale_tf_pairs__JUN_ATGACGTCAT_HT	3.17	TRUE	0.0122617557119012
JUN	WDR74	5	taipale_tf_pairs__JUN_ATGACGTCAT_HT	3.17	TRUE	0.0200048332128296
JUN	ABTB1	2	dbcorrdb__JUN__ENCSR000EEK_1__m1	3.09	TRUE	0.00868028625138623
JUN	KPNA2	4	dbcorrdb__JUN__ENCSR000EEK_1__m1	3.09	TRUE	0.010281622804707
JUN	NXT1	8	dbcorrdb__JUN__ENCSR000EEK_1__m1	3.09	TRUE	0.0113311011425776
JUN	POLR2A	9	dbcorrdb__JUN__ENCSR000EEK_1__m1	3.09	TRUE	0.00752237603508403
JUN	S100A8	68	dbcorrdb__JUN__ENCSR000EEK_1__m1	3.09	TRUE	0.00986885358297123
JUN	HRASLS2	1	hocomoco__CREB5_HUMAN.H11MO.0.D	3.06	FALSE	0.0349062752077135
JUNB	ADAM15	2	swissregulon__hs__BACH2.p2	4.37	FALSE	0.00638121998800977
JUNB	CITED2	10	swissregulon__hs__BACH2.p2	4.37	FALSE	0.0556813965512229
JUNB	CTSD	3	swissregulon__hs__BACH2.p2	4.37	FALSE	0.0219538801621949
JUNB	LAPTM5	11	swissregulon__hs__BACH2.p2	4.37	FALSE	0.0334817536034564
JUNB	PPP1R15A	19	swissregulon__hs__BACH2.p2	4.37	FALSE	0.0562216592225218
JUNB	PQLC3	1	swissregulon__hs__BACH2.p2	4.37	FALSE	0.0130963383573537
JUNB	PTGDS	7	swissregulon__hs__BACH2.p2	4.37	FALSE	0.0109749781683621
JUNB	RABGGTA	5	swissregulon__hs__BACH2.p2	4.37	FALSE	0.00846656032463122
JUNB	RGS2	8	swissregulon__hs__BACH2.p2	4.37	FALSE	0.0379039233630542
JUNB	CST3	4	transfac_pro__M04693	4.32	FALSE	0.0117983716653652
JUNB	PMAIP1	13	transfac_pro__M04693	4.32	FALSE	0.0230554627901665
JUNB	CHMP1B	16	transfac_pro__M00917	4.13	FALSE	0.019337420271285
JUNB	COQ7	23	transfac_pro__M00917	4.13	FALSE	0.00851549325620671
JUNB	FAM53C	27	transfac_pro__M00917	4.13	FALSE	0.00859569229280823
JUNB	FOS	23	transfac_pro__M00917	4.13	FALSE	0.080390388189109
JUNB	IER2	14	transfac_pro__M00917	4.13	FALSE	0.0739013910176895
JUNB	ZNF683	26	transfac_pro__M00917	4.13	FALSE	0.0112418294443478
JUNB	PIM2	3	hocomoco__JUND_MOUSE.H11MO.0.A	4.08	FALSE	0.00793581019603817
JUNB	ZNF331	5	dbcorrdb__JUN__ENCSR000FAH_1__m1	4.05	FALSE	0.00761807125973082
JUNB	LST1	4	hocomoco__JUND_HUMAN.H11MO.0.A	4.01	FALSE	0.0128368465202832
JUNB	S100A8	11	hocomoco__JUND_HUMAN.H11MO.0.A	4.01	FALSE	0.0088357479031154
JUNB	SSSCA1	12	hocomoco__JUND_HUMAN.H11MO.0.A	4.01	FALSE	0.0122699734573872
JUNB	TYMP	1	hocomoco__JUND_HUMAN.H11MO.0.A	4.01	FALSE	0.00884405328885065
JUNB	CXCR4	1	dbcorrdb__SMARCC1__ENCSR000EDM_1__m1	3.88	FALSE	0.0505188099751622
JUNB	RHOB	4	dbcorrdb__SMARCC1__ENCSR000EDM_1__m1	3.88	FALSE	0.0308103626685934
JUNB	ALDOA	20	swissregulon__hs__FOS_FOS_B_L1__JUN_B_D_.p2	3.82	TRUE	0.0143199635291409
JUNB	ARL4A	12	swissregulon__hs__FOS_FOS_B_L1__JUN_B_D_.p2	3.82	TRUE	0.0175182219761869
JUNB	ATF3	80	swissregulon__hs__FOS_FOS_B_L1__JUN_B_D_.p2	3.82	TRUE	0.0248553195255161
JUNB	ATF4	17	swissregulon__hs__FOS_FOS_B_L1__JUN_B_D_.p2	3.82	TRUE	0.0284517069830856
JUNB	ATG2A	22	swissregulon__hs__FOS_FOS_B_L1__JUN_B_D_.p2	3.82	TRUE	0.00872997501655987
JUNB	B3GNT7	11	swissregulon__hs__FOS_FOS_B_L1__JUN_B_D_.p2	3.82	TRUE	0.00613654124845434
JUNB	BHLHE40	42	swissregulon__hs__FOS_FOS_B_L1__JUN_B_D_.p2	3.82	TRUE	0.0137501272976393
JUNB	BOK	10	swissregulon__hs__FOS_FOS_B_L1__JUN_B_D_.p2	3.82	TRUE	0.00673162233011099
JUNB	BRD2	42	swissregulon__hs__FOS_FOS_B_L1__JUN_B_D_.p2	3.82	TRUE	0.0125292020489226
JUNB	CA11	10	swissregulon__hs__FOS_FOS_B_L1__JUN_B_D_.p2	3.82	TRUE	0.00683363646081898
JUNB	CDKN2AIP	28	swissregulon__hs__FOS_FOS_B_L1__JUN_B_D_.p2	3.82	TRUE	0.00702181150733895
JUNB	CSRNP1	45	swissregulon__hs__FOS_FOS_B_L1__JUN_B_D_.p2	3.82	TRUE	0.0329401212537048
JUNB	DDIT3	21	swissregulon__hs__FOS_FOS_B_L1__JUN_B_D_.p2	3.82	TRUE	0.0203563924943577
JUNB	DDIT4	15	swissregulon__hs__FOS_FOS_B_L1__JUN_B_D_.p2	3.82	TRUE	0.0260400963267644
JUNB	DNAJB1	10	swissregulon__hs__FOS_FOS_B_L1__JUN_B_D_.p2	3.82	TRUE	0.0340700971299472
JUNB	DUSP1	71	swissregulon__hs__FOS_FOS_B_L1__JUN_B_D_.p2	3.82	TRUE	0.0867632340678987
JUNB	DUSP2	18	swissregulon__hs__FOS_FOS_B_L1__JUN_B_D_.p2	3.82	TRUE	0.0270503515333273
JUNB	FAM43A	18	swissregulon__hs__FOS_FOS_B_L1__JUN_B_D_.p2	3.82	TRUE	0.0156933062426559
JUNB	GADD45A	45	swissregulon__hs__FOS_FOS_B_L1__JUN_B_D_.p2	3.82	TRUE	0.011657303929833
JUNB	GADD45B	24	swissregulon__hs__FOS_FOS_B_L1__JUN_B_D_.p2	3.82	TRUE	0.0747698745771663
JUNB	GRN	17	swissregulon__hs__FOS_FOS_B_L1__JUN_B_D_.p2	3.82	TRUE	0.00746144034926487
JUNB	HSPA5	34	swissregulon__hs__FOS_FOS_B_L1__JUN_B_D_.p2	3.82	TRUE	0.018078363900379
JUNB	IER3	7	swissregulon__hs__FOS_FOS_B_L1__JUN_B_D_.p2	3.82	TRUE	0.0224411773104854
JUNB	IER5	4	yetfasco__YIL056W_2091	3.82	FALSE	0.0361306792274944
JUNB	IFRD1	57	swissregulon__hs__FOS_FOS_B_L1__JUN_B_D_.p2	3.82	TRUE	0.0178009900654093
JUNB	JUNB	51	swissregulon__hs__FOS_FOS_B_L1__JUN_B_D_.p2	3.82	TRUE	NA
JUNB	KLF10	13	swissregulon__hs__FOS_FOS_B_L1__JUN_B_D_.p2	3.82	TRUE	0.00783967419901781
JUNB	LGALS9	13	swissregulon__hs__FOS_FOS_B_L1__JUN_B_D_.p2	3.82	TRUE	0.00790866388499145
JUNB	LIM2	8	swissregulon__hs__FOS_FOS_B_L1__JUN_B_D_.p2	3.82	TRUE	0.00640420999066345
JUNB	LYZ	14	swissregulon__hs__FOS_FOS_B_L1__JUN_B_D_.p2	3.82	TRUE	0.0113193207241348
JUNB	MAFF	29	swissregulon__hs__FOS_FOS_B_L1__JUN_B_D_.p2	3.82	TRUE	0.021607752290127
JUNB	MARCKSL1	14	swissregulon__hs__FOS_FOS_B_L1__JUN_B_D_.p2	3.82	TRUE	0.0118326160553283
JUNB	MYADM	15	swissregulon__hs__FOS_FOS_B_L1__JUN_B_D_.p2	3.82	TRUE	0.0121690404881964
JUNB	NR4A2	30	swissregulon__hs__FOS_FOS_B_L1__JUN_B_D_.p2	3.82	TRUE	0.0219874484365724
JUNB	PCIF1	9	swissregulon__hs__FOS_FOS_B_L1__JUN_B_D_.p2	3.82	TRUE	0.00848866383145934
JUNB	PSAP	41	swissregulon__hs__FOS_FOS_B_L1__JUN_B_D_.p2	3.82	TRUE	0.020815779077461
JUNB	PTCH2	5	swissregulon__hs__FOS_FOS_B_L1__JUN_B_D_.p2	3.82	TRUE	0.00490413703697006
JUNB	PTP4A1	26	swissregulon__hs__FOS_FOS_B_L1__JUN_B_D_.p2	3.82	TRUE	0.019168113928945
JUNB	S100B	1	swissregulon__hs__FOS_FOS_B_L1__JUN_B_D_.p2	3.82	TRUE	0.0106791687650781
JUNB	SAT1	20	swissregulon__hs__FOS_FOS_B_L1__JUN_B_D_.p2	3.82	TRUE	0.0293176936100237
JUNB	SEPT9	63	swissregulon__hs__FOS_FOS_B_L1__JUN_B_D_.p2	3.82	TRUE	0.029763818824145
JUNB	SERTAD1	42	swissregulon__hs__FOS_FOS_B_L1__JUN_B_D_.p2	3.82	TRUE	0.0460456990491064
JUNB	TMBIM1	44	swissregulon__hs__FOS_FOS_B_L1__JUN_B_D_.p2	3.82	TRUE	0.00986991270009231
JUNB	TNFAIP3	13	swissregulon__hs__FOS_FOS_B_L1__JUN_B_D_.p2	3.82	TRUE	0.0144736397791299
JUNB	YPEL5	18	swissregulon__hs__FOS_FOS_B_L1__JUN_B_D_.p2	3.82	TRUE	0.0150808796605428
JUNB	ZC3H12A	47	swissregulon__hs__FOS_FOS_B_L1__JUN_B_D_.p2	3.82	TRUE	0.0141754078254396
JUNB	ZFAND5	30	swissregulon__hs__FOS_FOS_B_L1__JUN_B_D_.p2	3.82	TRUE	0.00966128655616461
JUNB	ZFP36	41	swissregulon__hs__FOS_FOS_B_L1__JUN_B_D_.p2	3.82	TRUE	0.0595988336858939
JUNB	TUBA1A	4	cisbp__M4684	3.65	FALSE	0.0177526779813433
JUNB	EIF5AL1	9	cisbp__M0300	3.58	FALSE	0.00822778149861216
JUNB	DUSP5	42	jaspar__MA0490.1	3.56	TRUE	0.00640531867738015
JUNB	KLF6	65	jaspar__MA0490.1	3.56	TRUE	0.0178951743813691
JUNB	MOAP1	9	cisbp__M6180	3.51	FALSE	0.010025394131637
JUNB	NAP1L5	4	cisbp__M6180	3.51	FALSE	0.00594306312055385
JUNB	NINJ1	12	cisbp__M6180	3.51	FALSE	0.00891621551380869
JUNB	TRA2B	9	cisbp__M6180	3.51	FALSE	0.0187470175369193
JUNB	CATSPER1	3	dbcorrdb__ATF2__ENCSR000BQU_1__m1	3.45	FALSE	0.00858263575557091
JUNB	FCN1	2	dbcorrdb__ATF2__ENCSR000BQU_1__m1	3.45	FALSE	0.00662656434372935
JUNB	HIST1H2BN	2	dbcorrdb__ATF2__ENCSR000BQU_1__m1	3.45	FALSE	0.0053463423140519
JUNB	MCL1	3	dbcorrdb__ATF2__ENCSR000BQU_1__m1	3.45	FALSE	0.0168653973896504
JUNB	RGS1	3	dbcorrdb__ATF2__ENCSR000BQU_1__m1	3.45	FALSE	0.0316678990554994
JUNB	S100A9	2	dbcorrdb__ATF2__ENCSR000BQU_1__m1	3.45	FALSE	0.014861829607292
JUNB	SBDS	4	dbcorrdb__ATF2__ENCSR000BQU_1__m1	3.45	FALSE	0.0162925408984799
JUNB	TNF	3	dbcorrdb__ATF2__ENCSR000BQU_1__m1	3.45	FALSE	0.00865867730184947
JUNB	AMD1	4	transfac_pro__M08944	3.43	TRUE	0.0115217909455694
JUNB	CCL3	6	transfac_pro__M08944	3.43	TRUE	0.0192179921444771
JUNB	DUSP6	6	transfac_pro__M08944	3.43	TRUE	0.0129701073149916
JUNB	FOSB	53	transfac_pro__M08944	3.43	TRUE	0.0282607232094593
JUNB	HNRNPA0	4	transfac_pro__M08944	3.43	TRUE	0.0296982630545341
JUNB	IRS2	8	transfac_pro__M08944	3.43	TRUE	0.00908305398259516
JUNB	JUN	29	transfac_pro__M08944	3.43	TRUE	0.107837740081754
JUNB	NEU1	2	transfac_pro__M08944	3.43	TRUE	0.00834356126160473
JUNB	NXF1	1	transfac_pro__M08944	3.43	TRUE	0.0100377970487119
JUNB	RNF139	4	transfac_pro__M08944	3.43	TRUE	0.00778702976339142
JUNB	SERTAD3	5	transfac_pro__M08944	3.43	TRUE	0.0148177637222684
JUNB	SMPD1	6	transfac_pro__M08944	3.43	TRUE	0.00947365799317223
JUNB	TSC22D3	10	transfac_pro__M08944	3.43	TRUE	0.0550010666999805
JUNB	U2AF1L4	2	transfac_pro__M00981	3.31	FALSE	0.00802706091671479
JUNB	SIGLEC7	8	transfac_pro__M08926	3.25	TRUE	0.0100035835544623
JUNB	PHLDA1	2	taipale_cyt_meth__CREB1_NRTGACGTCAYN_FL	3.16	FALSE	0.0152260385641327
JUNB	ALDOC	1	homer__ATGACGTCATCC_c-Jun-CRE	3.15	FALSE	0.00758512645081075
JUNB	CACNA2D4	1	homer__ATGACGTCATCC_c-Jun-CRE	3.15	FALSE	0.00821080348181257
JUNB	CD69	1	homer__ATGACGTCATCC_c-Jun-CRE	3.15	FALSE	0.0459978066801785
JUNB	FEM1A	1	homer__ATGACGTCATCC_c-Jun-CRE	3.15	FALSE	0.00669271831212876
JUNB	HEXIM1	1	homer__ATGACGTCATCC_c-Jun-CRE	3.15	FALSE	0.0187005243035369
JUNB	KTI12	1	homer__ATGACGTCATCC_c-Jun-CRE	3.15	FALSE	0.00746230251167403
JUNB	PIK3IP1	1	homer__ATGACGTCATCC_c-Jun-CRE	3.15	FALSE	0.0117002477728272
JUNB	SLC2A3	1	homer__ATGACGTCATCC_c-Jun-CRE	3.15	FALSE	0.00711061198834902
JUNB	ZNF669	1	homer__ATGACGTCATCC_c-Jun-CRE	3.15	FALSE	0.00548266600375292
JUNB	UBXN11	1	hocomoco__CREB1_HUMAN.H11MO.0.A	3.13	FALSE	0.00565550229271252
JUNB	GAA	1	jaspar__MA0018.2	3.03	FALSE	0.00519920218721619
JUND	GNAI2	59	transfac_pro__M01186	4.67	FALSE	0.0165515342820587
JUND	HMGCR	68	transfac_pro__M01186	4.67	FALSE	0.00518226510507804
JUND	HMGCS1	60	transfac_pro__M01186	4.67	FALSE	0.0096797849212122
JUND	MAX	13	transfac_pro__M01186	4.67	FALSE	0.0106845203361773
JUND	MORF4L2	62	transfac_pro__M01186	4.67	FALSE	0.0130695811335351
JUND	NAF1	77	transfac_pro__M01186	4.67	FALSE	0.00492646322585251
JUND	NFKB1	77	transfac_pro__M01186	4.67	FALSE	0.0207701286610295
JUND	NOP58	79	transfac_pro__M01186	4.67	FALSE	0.00974163225025822
JUND	NUFIP2	53	transfac_pro__M01186	4.67	FALSE	0.00752207052219845
JUND	RAB21	87	transfac_pro__M01186	4.67	FALSE	0.00808533551512688
JUND	RBBP6	98	transfac_pro__M01186	4.67	FALSE	0.0123095711185854
JUND	REL	94	transfac_pro__M01186	4.67	FALSE	0.0112420631011649
JUND	SLC16A1	60	transfac_pro__M01186	4.67	FALSE	0.00702197627137159
JUND	TXLNG	11	transfac_pro__M01186	4.67	FALSE	0.00769628939535963
JUND	USP38	54	transfac_pro__M01186	4.67	FALSE	0.00440209889499184
JUND	VCP	37	transfac_pro__M01186	4.67	FALSE	0.010111597336261
JUND	WDR48	88	transfac_pro__M01186	4.67	FALSE	0.00779986898438375
JUND	ZNF250	60	transfac_pro__M01186	4.67	FALSE	0.00556456670917255
JUND	ATAD2	35	cisbp__M0355	4.54	FALSE	0.00753171179100173
JUND	BIN3	26	cisbp__M0355	4.54	FALSE	0.00686943431520457
JUND	CCNK	30	cisbp__M0355	4.54	FALSE	0.0106048168275931
JUND	COPS8	29	cisbp__M0355	4.54	FALSE	0.0086202658860908
JUND	DHX40	35	cisbp__M0355	4.54	FALSE	0.00492991152908736
JUND	EXOSC9	30	cisbp__M0355	4.54	FALSE	0.00597108013020814
JUND	FMNL1	19	cisbp__M0355	4.54	FALSE	0.0104976145933252
JUND	NAMPT	59	cisbp__M0355	4.54	FALSE	0.00642116784387841
JUND	CA5B	2	swissregulon__hs__ATF4.p2	4.3	FALSE	0.00815702398826914
JUND	CBX4	56	swissregulon__hs__ATF4.p2	4.3	FALSE	0.00700446740384129
JUND	CLK1	44	swissregulon__hs__ATF4.p2	4.3	FALSE	0.0143925400961248
JUND	GCH1	15	swissregulon__hs__ATF4.p2	4.3	FALSE	0.0056930066265772
JUND	GTF2B	34	swissregulon__hs__ATF4.p2	4.3	FALSE	0.00656341288107236
JUND	HERPUD2	27	swissregulon__hs__ATF4.p2	4.3	FALSE	0.00810957036987857
JUND	IL15RA	6	swissregulon__hs__ATF4.p2	4.3	FALSE	0.00432822137189656
JUND	IQCG	10	swissregulon__hs__ATF4.p2	4.3	FALSE	0.00563213057658541
JUND	IVNS1ABP	52	swissregulon__hs__ATF4.p2	4.3	FALSE	0.00754980229171633
JUND	KPNA2	3	swissregulon__hs__ATF4.p2	4.3	FALSE	0.00846620319066774
JUND	NECAP1	34	swissregulon__hs__ATF4.p2	4.3	FALSE	0.00774510800705882
JUND	OASL	19	swissregulon__hs__ATF4.p2	4.3	FALSE	0.0112651703227167
JUND	PSMC6	13	swissregulon__hs__ATF4.p2	4.3	FALSE	0.0078615273543941
JUND	RANBP2	32	swissregulon__hs__ATF4.p2	4.3	FALSE	0.0163548980412214
JUND	SIAH2	10	swissregulon__hs__ATF4.p2	4.3	FALSE	0.00829867295310508
JUND	TFRC	48	swissregulon__hs__ATF4.p2	4.3	FALSE	0.00452477674728207
JUND	TIPARP	18	swissregulon__hs__ATF4.p2	4.3	FALSE	0.00998486018099022
JUND	TMEM41B	24	swissregulon__hs__ATF4.p2	4.3	FALSE	0.0060370528270574
JUND	TSPYL2	8	swissregulon__hs__ATF4.p2	4.3	FALSE	0.0150789059721331
JUND	ZCCHC2	29	swissregulon__hs__ATF4.p2	4.3	FALSE	0.00684051854069963
JUND	BRD4	15	cisbp__M3090	4.17	FALSE	0.00822571228835078
JUND	CAMTA1	27	cisbp__M3090	4.17	FALSE	0.006425677967523
JUND	CRY2	36	cisbp__M3090	4.17	FALSE	0.00595154537620556
JUND	DCP1A	14	cisbp__M3090	4.17	FALSE	0.00954468975133872
JUND	DHX8	15	cisbp__M3090	4.17	FALSE	0.00512085849721394
JUND	DMWD	17	cisbp__M3090	4.17	FALSE	0.00511933086402237
JUND	EFCAB2	13	cisbp__M3090	4.17	FALSE	0.00635263970467073
JUND	EIF1AX	13	cisbp__M3090	4.17	FALSE	0.0104266683161389
JUND	ETF1	51	cisbp__M3090	4.17	FALSE	0.00948934673139801
JUND	FBRSL1	35	cisbp__M3090	4.17	FALSE	0.0062683881889427
JUND	GCA	11	cisbp__M3090	4.17	FALSE	0.00591387530438052
JUND	GNB5	27	cisbp__M3090	4.17	FALSE	0.0058320333638592
JUND	GSK3A	4	cisbp__M3090	4.17	FALSE	0.00699058006181272
JUND	INTS6	8	cisbp__M3090	4.17	FALSE	0.00733605677691073
JUND	KLF2	19	cisbp__M3090	4.17	FALSE	0.0319566436061382
JUND	LDLR	24	cisbp__M3090	4.17	FALSE	0.0101974590214446
JUND	PCF11	11	cisbp__M3090	4.17	FALSE	0.00707038416647832
JUND	PRKAR2A	22	cisbp__M3090	4.17	FALSE	0.00630337853277852
JUND	RPGR	33	cisbp__M3090	4.17	FALSE	0.0110695214945244
JUND	SEC24C	48	cisbp__M3090	4.17	FALSE	0.00538850798283231
JUND	STRAP	7	cisbp__M3090	4.17	FALSE	0.0108138503303915
JUND	TRMT61B	11	cisbp__M3090	4.17	FALSE	0.00646746267139209
JUND	TXNL4A	39	cisbp__M3090	4.17	FALSE	0.0120772253945669
JUND	UBAC1	13	cisbp__M3090	4.17	FALSE	0.00533322197003817
JUND	UBE2S	29	cisbp__M3090	4.17	FALSE	0.00798624825531756
JUND	USP20	22	cisbp__M3090	4.17	FALSE	0.0048116654980053
JUND	ZC3HAV1	33	cisbp__M3090	4.17	FALSE	0.0145580115573013
JUND	ZNF331	13	cisbp__M3090	4.17	FALSE	0.011366405426929
JUND	ACBD3	4	cisbp__M3083	4.11	FALSE	0.00643136175741923
JUND	AKIRIN2	44	cisbp__M3083	4.11	FALSE	0.00615700438324867
JUND	LFNG	26	cisbp__M3083	4.11	FALSE	0.00720258646440999
JUND	LIN7C	32	cisbp__M3083	4.11	FALSE	0.00462937980407067
JUND	TIMM23	8	cisbp__M3083	4.11	FALSE	0.00541695194209153
JUND	WSB2	23	cisbp__M3083	4.11	FALSE	0.00528536613780459
JUND	ACTN4	6	transfac_pro__M07667	4.03	FALSE	0.0129932135928959
JUND	AKAP8L	5	transfac_pro__M07667	4.03	FALSE	0.0059525103747851
JUND	ARF4	17	transfac_pro__M07667	4.03	FALSE	0.00938173151228352
JUND	C21orf91	4	transfac_pro__M07667	4.03	FALSE	0.00573216005972479
JUND	CAPN10	8	transfac_pro__M07667	4.03	FALSE	0.00559328807628031
JUND	CASZ1	14	transfac_pro__M07667	4.03	FALSE	0.00576512379828885
JUND	CFLAR	7	transfac_pro__M07667	4.03	FALSE	0.0131800423414688
JUND	CLDND1	2	transfac_pro__M07667	4.03	FALSE	0.00684986051636319
JUND	CROCC	17	taipale_cyt_meth__CREB1_NRTGACGTCAYN_eDBD	4.03	FALSE	0.00790617147785611
JUND	EIF3B	33	transfac_pro__M07667	4.03	FALSE	0.00738276791327087
JUND	EZR	12	transfac_pro__M07667	4.03	FALSE	0.0101092426110623
JUND	FNBP4	4	transfac_pro__M07667	4.03	FALSE	0.00889510323986288
JUND	GPR18	14	transfac_pro__M07667	4.03	FALSE	0.00501146136047776
JUND	GSPT1	14	transfac_pro__M07667	4.03	FALSE	0.0100650735579854
JUND	KIF20B	7	transfac_pro__M07667	4.03	FALSE	0.00765881254877262
JUND	KLHL18	4	transfac_pro__M07667	4.03	FALSE	0.0127302270674888
JUND	MARCH5	5	taipale_cyt_meth__CREB1_NRTGACGTCAYN_eDBD	4.03	FALSE	0.0066039955390639
JUND	MIER1	3	transfac_pro__M07667	4.03	FALSE	0.0130405078207435
JUND	MTMR6	2	transfac_pro__M07667	4.03	FALSE	0.00499316611867039
JUND	NFYA	7	transfac_pro__M07667	4.03	FALSE	0.00444759941374044
JUND	PHC2	16	transfac_pro__M07667	4.03	FALSE	0.00611683227930789
JUND	PNO1	15	transfac_pro__M07667	4.03	FALSE	0.00484676279859589
JUND	SFPQ	3	transfac_pro__M07667	4.03	FALSE	0.014056290501528
JUND	SH3GL1	49	transfac_pro__M07667	4.03	FALSE	0.00454372914818063
JUND	SLC25A28	19	transfac_pro__M07667	4.03	FALSE	0.00513846443686246
JUND	SLC38A2	10	transfac_pro__M07667	4.03	FALSE	0.00812174754355905
JUND	STK17B	19	taipale_cyt_meth__CREB1_NRTGACGTCAYN_eDBD	4.03	FALSE	0.0116662391091827
JUND	TMC8	16	transfac_pro__M07667	4.03	FALSE	0.00781643720773966
JUND	ATL2	46	taipale_cyt_meth__CREM_NRTGACGTCAYN_eDBD	4.02	FALSE	0.00988358197709064
JUND	B4GALT1	4	transfac_public__M00178	4.02	FALSE	0.0101866691606984
JUND	COG3	3	taipale_cyt_meth__CREM_NRTGACGTCAYN_eDBD	4.02	FALSE	0.00546148308231284
JUND	DBF4	6	taipale_cyt_meth__CREM_NRTGACGTCAYN_eDBD	4.02	FALSE	0.0080889307227672
JUND	H1FX	16	taipale_cyt_meth__CREM_NRTGACGTCAYN_eDBD	4.02	FALSE	0.0142921299936762
JUND	HIF1A	10	taipale_cyt_meth__CREM_NRTGACGTCAYN_eDBD	4.02	FALSE	0.0129127062946048
JUND	IFIH1	20	taipale_cyt_meth__CREM_NRTGACGTCAYN_eDBD	4.02	FALSE	0.0117675074253947
JUND	IL6ST	2	taipale_cyt_meth__CREM_NRTGACGTCAYN_eDBD	4.02	FALSE	0.0121084923465
JUND	MGAT4B	6	transfac_public__M00178	4.02	FALSE	0.00665117736873382
JUND	MOGS	5	taipale_cyt_meth__CREM_NRTGACGTCAYN_eDBD	4.02	FALSE	0.00544104753092369
JUND	NBEAL2	17	taipale_cyt_meth__CREM_NRTGACGTCAYN_eDBD	4.02	FALSE	0.00515415058633267
JUND	NUDT4	6	taipale_cyt_meth__CREM_NRTGACGTCAYN_eDBD	4.02	FALSE	0.00787843119194866
JUND	PANK2	4	transfac_public__M00178	4.02	FALSE	0.00736672096886356
JUND	RAB11FIP1	10	taipale_cyt_meth__CREM_NRTGACGTCAYN_eDBD	4.02	FALSE	0.0105169394217711
JUND	VEGFB	7	taipale_cyt_meth__CREM_NRTGACGTCAYN_eDBD	4.02	FALSE	0.00953032955874329
JUND	WTAP	13	taipale_cyt_meth__CREM_NRTGACGTCAYN_eDBD	4.02	FALSE	0.00972462232542837
JUND	COPS2	4	swissregulon__sacCer__CST6	4.01	FALSE	0.00880651062417219
JUND	CSNK2A2	13	swissregulon__sacCer__CST6	4.01	FALSE	0.00652940422963382
JUND	DDX3X	14	swissregulon__sacCer__CST6	4.01	FALSE	0.0116740815826843
JUND	DNAJC27	16	swissregulon__sacCer__CST6	4.01	FALSE	0.00622680230552698
JUND	EZH2	4	swissregulon__sacCer__CST6	4.01	FALSE	0.010329217634592
JUND	FAM120AOS	6	swissregulon__sacCer__CST6	4.01	FALSE	0.00540574517712081
JUND	FBRS	26	swissregulon__sacCer__CST6	4.01	FALSE	0.00542461836181241
JUND	GARS	6	swissregulon__sacCer__CST6	4.01	FALSE	0.00645014302450693
JUND	GRB2	13	swissregulon__sacCer__CST6	4.01	FALSE	0.0103437068041067
JUND	HNRNPL	9	swissregulon__sacCer__CST6	4.01	FALSE	0.00774383266092158
JUND	IFFO2	13	swissregulon__sacCer__CST6	4.01	FALSE	0.0129216950123374
JUND	MDM4	3	swissregulon__sacCer__CST6	4.01	FALSE	0.00863155716869289
JUND	SH3D19	22	swissregulon__sacCer__CST6	4.01	FALSE	0.00899634793931458
JUND	SLC7A1	30	swissregulon__sacCer__CST6	4.01	FALSE	0.00610614421282089
JUND	SRRM2	12	swissregulon__sacCer__CST6	4.01	FALSE	0.0151615037009742
JUND	TAF13	4	swissregulon__sacCer__CST6	4.01	FALSE	0.00573328973193199
JUND	TEX14	17	swissregulon__sacCer__CST6	4.01	FALSE	0.0226756731855617
JUND	USP11	28	swissregulon__sacCer__CST6	4.01	FALSE	0.00528824381229349
JUND	USP42	24	swissregulon__sacCer__CST6	4.01	FALSE	0.00875163102537611
JUND	ZFPM1	15	swissregulon__sacCer__CST6	4.01	FALSE	0.0119499236071345
JUND	ZNF787	9	swissregulon__sacCer__CST6	4.01	FALSE	0.00758300490271775
JUND	MAPKAPK2	13	cisbp__M0362	3.96	FALSE	0.00671336451545686
JUND	EHBP1L1	5	yetfasco__YIL036W_585	3.95	FALSE	0.00805834863017701
JUND	EXOSC6	5	yetfasco__YIL036W_585	3.95	FALSE	0.00828596441939113
JUND	NANS	8	yetfasco__YIL036W_585	3.95	FALSE	0.00466604560812422
JUND	SPTY2D1	5	yetfasco__YIL036W_585	3.95	FALSE	0.00851048773985352
JUND	TOR1AIP1	8	yetfasco__YIL036W_585	3.95	FALSE	0.00558994427839016
JUND	PATL1	7	transfac_public__M00039	3.93	FALSE	0.00566800779766208
JUND	CTNNB1	14	jaspar__MA1047.1	3.84	FALSE	0.010377172300575
JUND	OSBP	5	transfac_pro__M00981	3.78	FALSE	0.00688974356610537
JUND	BCL7C	2	dbcorrdb__ATF3__ENCSR000BKE_1__m1	3.77	FALSE	0.0107192998224306
JUND	CCL28	3	swissregulon__sacCer__CST6	3.77	FALSE	0.00461775370346912
JUND	CCNT1	5	dbcorrdb__ATF3__ENCSR000BKE_1__m1	3.77	FALSE	0.0081084483947512
JUND	CD8A	10	jaspar__MA1069.1	3.77	FALSE	0.00713850048604177
JUND	CDS2	2	dbcorrdb__ATF1__ENCSR000DNZ_1__m2	3.77	FALSE	0.00626066755083476
JUND	CENPB	8	dbcorrdb__ATF3__ENCSR000BKE_1__m1	3.77	FALSE	0.00721243766319872
JUND	CORO7	6	dbcorrdb__ATF3__ENCSR000BKE_1__m1	3.77	FALSE	0.0132952217505045
JUND	GGA2	6	dbcorrdb__ATF3__ENCSR000BKE_1__m1	3.77	FALSE	0.0059633784407204
JUND	GIPC1	5	dbcorrdb__ATF3__ENCSR000BKE_1__m1	3.77	FALSE	0.00614489758979851
JUND	GOLT1B	2	dbcorrdb__ATF1__ENCSR000DNZ_1__m2	3.77	FALSE	0.00584991146247866
JUND	IFIT3	4	dbcorrdb__ATF3__ENCSR000BKE_1__m1	3.77	FALSE	0.0191044977977456
JUND	KHDRBS1	3	dbcorrdb__ATF3__ENCSR000BKE_1__m1	3.77	FALSE	0.0102059614757348
JUND	KPNA4	2	dbcorrdb__ATF3__ENCSR000BKE_1__m1	3.77	FALSE	0.00910613144378983
JUND	MARS	4	dbcorrdb__ATF3__ENCSR000BKE_1__m1	3.77	FALSE	0.00492893638157793
JUND	MIR155HG	3	dbcorrdb__ATF1__ENCSR000DNZ_1__m2	3.77	FALSE	0.00599589810611451
JUND	MYLIP	3	dbcorrdb__ATF1__ENCSR000DNZ_1__m2	3.77	FALSE	0.0102455486986821
JUND	NDE1	16	dbcorrdb__ATF1__ENCSR000DNZ_1__m2	3.77	FALSE	0.00671936744735906
JUND	PDCD4	1	dbcorrdb__ATF3__ENCSR000BKE_1__m1	3.77	FALSE	0.0101675168388471
JUND	PGP	5	dbcorrdb__ATF3__ENCSR000BKE_1__m1	3.77	FALSE	0.00835132589702075
JUND	POLR2A	5	dbcorrdb__ATF1__ENCSR000DNZ_1__m2	3.77	FALSE	0.00985692053225156
JUND	RHEBL1	4	dbcorrdb__ATF3__ENCSR000BKE_1__m1	3.77	FALSE	0.00605121295655005
JUND	RMND5A	8	swissregulon__sacCer__CST6	3.77	FALSE	0.00626837854364069
JUND	SEC31A	4	dbcorrdb__ATF3__ENCSR000BKE_1__m1	3.77	FALSE	0.00858768198606999
JUND	SLC9A1	10	swissregulon__sacCer__CST6	3.77	FALSE	0.00398670834691409
JUND	SNRPA1	1	jaspar__MA1069.1	3.77	FALSE	0.00812092344775036
JUND	SUZ12	4	dbcorrdb__ATF3__ENCSR000BKE_1__m1	3.77	FALSE	0.00757894499882473
JUND	TFG	4	dbcorrdb__ATF3__ENCSR000BKE_1__m1	3.77	FALSE	0.00524949787717227
JUND	TMX2	5	dbcorrdb__ATF1__ENCSR000DNZ_1__m2	3.77	FALSE	0.00521383092606811
JUND	TTC19	3	jaspar__MA1069.1	3.77	FALSE	0.00656133824682039
JUND	USP18	2	dbcorrdb__ATF3__ENCSR000BKE_1__m1	3.77	FALSE	0.00509001333149313
JUND	ZCCHC8	5	dbcorrdb__ATF3__ENCSR000BKE_1__m1	3.77	FALSE	0.00642703708273379
JUND	ZRANB2	3	swissregulon__sacCer__CST6	3.77	FALSE	0.0104037860684021
JUND	CTU1	3	scertf__badis.CST6	3.76	FALSE	0.00628074013346583
JUND	KCTD7	3	cisbp__M0275	3.76	FALSE	0.00514636258507617
JUND	METRN	7	scertf__badis.CST6	3.76	FALSE	0.00849088736859854
JUND	NDFIP1	3	cisbp__M0275	3.76	FALSE	0.0101399467459688
JUND	PPP2R2D	2	scertf__badis.CST6	3.76	FALSE	0.0113750957466216
JUND	SURF4	13	cisbp__M0275	3.76	FALSE	0.00681539393642832
JUND	ZC3H7A	3	scertf__badis.CST6	3.76	FALSE	0.00688492164461109
JUND	ZDHHC18	3	cisbp__M0275	3.76	FALSE	0.00606240751536661
JUND	BTBD6	1	dbcorrdb__CREB1__ENCSR000BRB_1__m1	3.71	FALSE	0.0093918215267548
JUND	DCAF15	3	dbcorrdb__CREB1__ENCSR000BRB_1__m1	3.71	FALSE	0.00687669902529842
JUND	ILKAP	1	dbcorrdb__CREB1__ENCSR000BRB_1__m1	3.71	FALSE	0.00931918351721061
JUND	PACS2	4	dbcorrdb__CREB1__ENCSR000BRB_1__m1	3.71	FALSE	0.00423376234255775
JUND	PPP6R1	2	dbcorrdb__CREB1__ENCSR000BRB_1__m1	3.71	FALSE	0.0066142688900067
JUND	PSMD12	1	dbcorrdb__CREB1__ENCSR000BRB_1__m1	3.71	FALSE	0.00789141661254509
JUND	SMPD4	1	dbcorrdb__CREB1__ENCSR000BRB_1__m1	3.71	FALSE	0.00747945616452827
JUND	STK11	1	dbcorrdb__CREB1__ENCSR000BRB_1__m1	3.71	FALSE	0.00714359537504042
JUND	UBE2M	2	dbcorrdb__CREB1__ENCSR000BRB_1__m1	3.71	FALSE	0.0197584449011987
JUND	WDR74	2	dbcorrdb__CREB1__ENCSR000BRB_1__m1	3.71	FALSE	0.0190454901003127
JUND	ZNFX1	4	dbcorrdb__CREB1__ENCSR000BRB_1__m1	3.71	FALSE	0.00913641027549763
JUND	PABPN1	3	cisbp__M0265	3.7	FALSE	0.0092232692338903
JUND	CRY1	5	dbcorrdb__ATF3__ENCSR000BKC_1__m1	3.69	FALSE	0.0160335908757461
JUND	NAGLU	2	dbcorrdb__ATF3__ENCSR000BKC_1__m1	3.69	FALSE	0.00518597733304062
JUND	SNRNP70	3	dbcorrdb__ATF3__ENCSR000BKC_1__m1	3.69	FALSE	0.00755267241065498
JUND	IFI44	2	transfac_pro__M09580	3.64	FALSE	0.0115930306730719
JUND	APOL6	1	yetfasco__YER045C_8	3.59	FALSE	0.0207803050056507
JUND	HELB	3	yetfasco__YER045C_8	3.59	FALSE	0.00861201416794735
JUND	JAK3	3	yetfasco__YER045C_8	3.59	FALSE	0.00673348123144796
JUND	SLC2A4RG	1	yetfasco__YER045C_8	3.59	FALSE	0.010674905452159
JUND	USP7	4	yetfasco__YER045C_8	3.59	FALSE	0.00896822850796606
JUND	ADNP2	138	taipale_cyt_meth__JUND_NRTGACGTCATN_eDBD	3.54	TRUE	0.00451342073299576
JUND	AHI1	97	taipale_cyt_meth__JUND_NRTGACGTCATN_eDBD	3.54	TRUE	0.00537472090219012
JUND	AHR	110	taipale_cyt_meth__JUND_NRTGACGTCATN_eDBD	3.54	TRUE	0.0111883261897099
JUND	BCAS2	134	taipale_cyt_meth__JUND_NRTGACGTCATN_eDBD	3.54	TRUE	0.0115231757603951
JUND	BCL6	125	taipale_cyt_meth__JUND_NRTGACGTCATN_eDBD	3.54	TRUE	0.00499670082929886
JUND	C16orf72	107	taipale_cyt_meth__JUND_NRTGACGTCATN_eDBD	3.54	TRUE	0.00824619935468339
JUND	CCDC47	130	taipale_cyt_meth__JUND_NRTGACGTCATN_eDBD	3.54	TRUE	0.00628690496173134
JUND	CLPTM1L	104	taipale_cyt_meth__JUND_NRTGACGTCATN_eDBD	3.54	TRUE	0.00715935797237581
JUND	CRTAM	99	taipale_cyt_meth__JUND_NRTGACGTCATN_eDBD	3.54	TRUE	0.00743415840849422
JUND	CS	93	taipale_cyt_meth__JUND_NRTGACGTCATN_eDBD	3.54	TRUE	0.00479485755004709
JUND	CSNK1E	124	taipale_cyt_meth__JUND_NRTGACGTCATN_eDBD	3.54	TRUE	0.00520532126923738
JUND	CSNK1G2	142	taipale_cyt_meth__JUND_NRTGACGTCATN_eDBD	3.54	TRUE	0.00912142823375531
JUND	DUSP10	123	taipale_cyt_meth__JUND_NRTGACGTCATN_eDBD	3.54	TRUE	0.00776320027597975
JUND	DYNLL2	54	taipale_cyt_meth__JUND_NRTGACGTCATN_eDBD	3.54	TRUE	0.00666822008671903
JUND	EHD4	85	taipale_cyt_meth__JUND_NRTGACGTCATN_eDBD	3.54	TRUE	0.0123755290943223
JUND	EIF5	83	taipale_cyt_meth__JUND_NRTGACGTCATN_eDBD	3.54	TRUE	0.0127808461660915
JUND	ELL2	140	taipale_cyt_meth__JUND_NRTGACGTCATN_eDBD	3.54	TRUE	0.0173589514521129
JUND	ERF	104	taipale_cyt_meth__JUND_NRTGACGTCATN_eDBD	3.54	TRUE	0.00546818368856769
JUND	FMR1	52	taipale_cyt_meth__JUND_NRTGACGTCATN_eDBD	3.54	TRUE	0.00847471147732255
JUND	GLA	28	taipale_cyt_meth__JUND_NRTGACGTCATN_eDBD	3.54	TRUE	0.00557502238335939
JUND	GNAS	71	taipale_cyt_meth__JUND_NRTGACGTCATN_eDBD	3.54	TRUE	0.0331598888280506
JUND	GPR132	66	taipale_cyt_meth__JUND_NRTGACGTCATN_eDBD	3.54	TRUE	0.00539030848291285
JUND	HIPK1	134	taipale_cyt_meth__JUND_NRTGACGTCATN_eDBD	3.54	TRUE	0.0181683856182667
JUND	JOSD1	87	taipale_cyt_meth__JUND_NRTGACGTCATN_eDBD	3.54	TRUE	0.0064371794300592
JUND	JUND	142	taipale_cyt_meth__JUND_NRTGACGTCATN_eDBD	3.54	TRUE	NA
JUND	KLF13	115	taipale_cyt_meth__JUND_NRTGACGTCATN_eDBD	3.54	TRUE	0.0121040451001828
JUND	LLGL2	72	taipale_cyt_meth__JUND_NRTGACGTCATN_eDBD	3.54	TRUE	0.010284231910685
JUND	LUZP1	118	taipale_cyt_meth__JUND_NRTGACGTCATN_eDBD	3.54	TRUE	0.00719254237924025
JUND	LYSMD3	120	taipale_cyt_meth__JUND_NRTGACGTCATN_eDBD	3.54	TRUE	0.00575616912807263
JUND	MPZL3	128	taipale_cyt_meth__JUND_NRTGACGTCATN_eDBD	3.54	TRUE	0.0111749327855978
JUND	MXD1	133	taipale_cyt_meth__JUND_NRTGACGTCATN_eDBD	3.54	TRUE	0.00540168891368186
JUND	N4BP1	69	taipale_cyt_meth__JUND_NRTGACGTCATN_eDBD	3.54	TRUE	0.0100322458507036
JUND	NAA30	75	taipale_cyt_meth__JUND_NRTGACGTCATN_eDBD	3.54	TRUE	0.00440424921320457
JUND	NR1D2	114	taipale_cyt_meth__JUND_NRTGACGTCATN_eDBD	3.54	TRUE	0.0122530615522808
JUND	PAQR3	109	taipale_cyt_meth__JUND_NRTGACGTCATN_eDBD	3.54	TRUE	0.0048788816923397
JUND	PHF20	118	taipale_cyt_meth__JUND_NRTGACGTCATN_eDBD	3.54	TRUE	0.00919246043204648
JUND	PIGA	78	taipale_cyt_meth__JUND_NRTGACGTCATN_eDBD	3.54	TRUE	0.00927946980992196
JUND	PITPNA	118	taipale_cyt_meth__JUND_NRTGACGTCATN_eDBD	3.54	TRUE	0.00585105495940024
JUND	PLEKHM2	101	taipale_cyt_meth__JUND_NRTGACGTCATN_eDBD	3.54	TRUE	0.00935040953701537
JUND	PMAIP1	118	taipale_cyt_meth__JUND_NRTGACGTCATN_eDBD	3.54	TRUE	0.014431744743291
JUND	POLB	134	taipale_cyt_meth__JUND_NRTGACGTCATN_eDBD	3.54	TRUE	0.00699883611234245
JUND	PPIL4	92	taipale_cyt_meth__JUND_NRTGACGTCATN_eDBD	3.54	TRUE	0.00649866944333812
JUND	PPP1R12C	121	taipale_cyt_meth__JUND_NRTGACGTCATN_eDBD	3.54	TRUE	0.00598861526238194
JUND	PPP1R2	111	taipale_cyt_meth__JUND_NRTGACGTCATN_eDBD	3.54	TRUE	0.00910031647645927
JUND	PPP2CA	87	taipale_cyt_meth__JUND_NRTGACGTCATN_eDBD	3.54	TRUE	0.00736238923322749
JUND	PRDM2	118	taipale_cyt_meth__JUND_NRTGACGTCATN_eDBD	3.54	TRUE	0.0141129970236842
JUND	RAB11A	8	taipale_cyt_meth__JUND_NRTGACGTCATN_eDBD	3.54	TRUE	0.0117037983762435
JUND	RAB30	123	taipale_cyt_meth__JUND_NRTGACGTCATN_eDBD	3.54	TRUE	0.00697323240942686
JUND	RARA	129	taipale_cyt_meth__JUND_NRTGACGTCATN_eDBD	3.54	TRUE	0.00513382807968199
JUND	RELB	125	taipale_cyt_meth__JUND_NRTGACGTCATN_eDBD	3.54	TRUE	0.00922310165129986
JUND	RFC1	118	taipale_cyt_meth__JUND_NRTGACGTCATN_eDBD	3.54	TRUE	0.00832067791840561
JUND	RIPK2	107	taipale_cyt_meth__JUND_NRTGACGTCATN_eDBD	3.54	TRUE	0.00528297403206261
JUND	RLIM	88	taipale_cyt_meth__JUND_NRTGACGTCATN_eDBD	3.54	TRUE	0.00846345348152931
JUND	RNMT	130	taipale_cyt_meth__JUND_NRTGACGTCATN_eDBD	3.54	TRUE	0.00791716828040773
JUND	SF1	121	taipale_cyt_meth__JUND_NRTGACGTCATN_eDBD	3.54	TRUE	0.0123357225223547
JUND	SKIL	125	taipale_cyt_meth__JUND_NRTGACGTCATN_eDBD	3.54	TRUE	0.00462018041050296
JUND	SLC25A33	125	taipale_cyt_meth__JUND_NRTGACGTCATN_eDBD	3.54	TRUE	0.00484764022692811
JUND	SLC25A36	128	taipale_cyt_meth__JUND_NRTGACGTCATN_eDBD	3.54	TRUE	0.00982393537454918
JUND	SPTBN1	106	taipale_cyt_meth__JUND_NRTGACGTCATN_eDBD	3.54	TRUE	0.00671253107628758
JUND	SREK1	54	taipale_cyt_meth__JUND_NRTGACGTCATN_eDBD	3.54	TRUE	0.00784836283309311
JUND	STAT3	122	taipale_cyt_meth__JUND_NRTGACGTCATN_eDBD	3.54	TRUE	0.0103991867317922
JUND	SYNCRIP	118	taipale_cyt_meth__JUND_NRTGACGTCATN_eDBD	3.54	TRUE	0.00626120205023164
JUND	TAF10	131	taipale_cyt_meth__JUND_NRTGACGTCATN_eDBD	3.54	TRUE	0.0174577898844579
JUND	THOC1	137	taipale_cyt_meth__JUND_NRTGACGTCATN_eDBD	3.54	TRUE	0.00989868175269391
JUND	TM9SF3	95	taipale_cyt_meth__JUND_NRTGACGTCATN_eDBD	3.54	TRUE	0.0093584420614346
JUND	TMEM39A	140	taipale_cyt_meth__JUND_NRTGACGTCATN_eDBD	3.54	TRUE	0.00494146521479359
JUND	TOM1	85	taipale_cyt_meth__JUND_NRTGACGTCATN_eDBD	3.54	TRUE	0.00546366476214422
JUND	TOP1	89	taipale_cyt_meth__JUND_NRTGACGTCATN_eDBD	3.54	TRUE	0.0161179886543228
JUND	TOPBP1	76	taipale_cyt_meth__JUND_NRTGACGTCATN_eDBD	3.54	TRUE	0.00619542572091758
JUND	TP53BP1	102	taipale_cyt_meth__JUND_NRTGACGTCATN_eDBD	3.54	TRUE	0.00944823277756948
JUND	TRA2A	114	taipale_cyt_meth__JUND_NRTGACGTCATN_eDBD	3.54	TRUE	0.0158226649639009
JUND	TRIM26	90	taipale_cyt_meth__JUND_NRTGACGTCATN_eDBD	3.54	TRUE	0.00624207575051175
JUND	UBE2N	78	taipale_cyt_meth__JUND_NRTGACGTCATN_eDBD	3.54	TRUE	0.00835794269586872
JUND	USP22	133	taipale_cyt_meth__JUND_NRTGACGTCATN_eDBD	3.54	TRUE	0.00734184032369287
JUND	USP36	137	taipale_cyt_meth__JUND_NRTGACGTCATN_eDBD	3.54	TRUE	0.00718956712248497
JUND	UTP18	42	taipale_cyt_meth__JUND_NRTGACGTCATN_eDBD	3.54	TRUE	0.00576500397205358
JUND	WSB1	138	taipale_cyt_meth__JUND_NRTGACGTCATN_eDBD	3.54	TRUE	0.00949821258380211
JUND	YWHAG	110	taipale_cyt_meth__JUND_NRTGACGTCATN_eDBD	3.54	TRUE	0.00539226027735163
JUND	ZBTB11	134	taipale_cyt_meth__JUND_NRTGACGTCATN_eDBD	3.54	TRUE	0.0126602727643367
JUND	ZFX	133	taipale_cyt_meth__JUND_NRTGACGTCATN_eDBD	3.54	TRUE	0.00760851809106464
JUND	ZFYVE27	138	taipale_cyt_meth__JUND_NRTGACGTCATN_eDBD	3.54	TRUE	0.00493990755222785
JUND	ZNF335	138	taipale_cyt_meth__JUND_NRTGACGTCATN_eDBD	3.54	TRUE	0.00513116083642048
JUND	ZNF548	10	taipale_cyt_meth__CREM_NRTGACGTCAYN_eDBD	3.52	FALSE	0.0038763940281541
JUND	PPP2R1B	6	taipale_cyt_meth__CREB1_NRTGACGTCAYN_eDBD	3.42	FALSE	0.00577333947709286
JUND	ZBED4	8	taipale_cyt_meth__CREB1_NRTGACGTCAYN_eDBD	3.42	FALSE	0.00536408614136133
JUND	MXRA7	7	taipale_cyt_meth__ATF2_NRTGAYGTCAYN_eDBD	3.4	FALSE	0.00836497564304355
JUND	BRD1	1	dbcorrdb__CREB1__ENCSR000BRB_1__m1	3.38	FALSE	0.00956647633184296
JUND	CASP8	4	dbcorrdb__CREB1__ENCSR000BRB_1__m1	3.38	FALSE	0.0109629707763092
JUND	NUP54	1	dbcorrdb__CREB1__ENCSR000BRB_1__m1	3.38	FALSE	0.00604869978223637
JUND	PRKX	2	dbcorrdb__CREB1__ENCSR000BRB_1__m1	3.38	FALSE	0.00969509658273252
JUND	RHOH	4	dbcorrdb__CREB1__ENCSR000BRB_1__m1	3.38	FALSE	0.0133706888541447
JUND	SMU1	1	dbcorrdb__CREB1__ENCSR000BRB_1__m1	3.38	FALSE	0.00848709581311781
JUND	SSBP4	3	dbcorrdb__CREB1__ENCSR000BRB_1__m1	3.38	FALSE	0.018710021995664
JUND	TBX21	2	dbcorrdb__CREB1__ENCSR000BRB_1__m1	3.38	FALSE	0.0101118844649334
JUND	TERF2	2	dbcorrdb__CREB1__ENCSR000BRB_1__m1	3.38	FALSE	0.00484387728747154
JUND	USP14	1	dbcorrdb__CREB1__ENCSR000BRB_1__m1	3.38	FALSE	0.00811727525825869
JUND	WHAMM	1	dbcorrdb__CREB1__ENCSR000BRB_1__m1	3.38	FALSE	0.0130129300990592
JUND	BRI3	1	dbcorrdb__ATF3__ENCSR000DOG_1__m1	3.34	FALSE	0.00980438076377769
JUND	CRCP	1	dbcorrdb__ATF3__ENCSR000DOG_1__m1	3.34	FALSE	0.00728302997902447
JUND	PTCH2	1	dbcorrdb__ATF3__ENCSR000DOG_1__m1	3.34	FALSE	0.00559460703478847
JUND	TCF3	3	dbcorrdb__ATF1__ENCSR000DNZ_1__m2	3.29	FALSE	0.00619237801493553
JUND	U2AF1	1	dbcorrdb__ATF3__ENCSR000DOG_1__m1	3.29	FALSE	0.00683235615835806
JUND	KRR1	2	taipale_cyt_meth__CREB5_NRTGAYGTCAYN_FL	3.27	FALSE	0.0077443153338063
JUND	DNAJA1	1	cisbp__M0361	3.26	FALSE	0.0163933880166766
JUND	ERCC1	1	cisbp__M0361	3.26	FALSE	0.00746656456192152
JUND	KIF3A	1	cisbp__M0361	3.26	FALSE	0.00530381635895179
JUND	ZBTB10	2	cisbp__M0361	3.26	FALSE	0.00806378510421797
JUND	AP3M2	3	cisbp__M0309	3.25	FALSE	0.00518919403981825
JUND	HSF2	3	transfac_pro__M08803	3.17	FALSE	0.00446885216685006
JUND	SKI	1	scertf__morozov.MET28	3.16	FALSE	0.00536789864470877
JUND	WRNIP1	1	scertf__morozov.MET28	3.16	FALSE	0.00693492219269784
JUND	AKT1	1	transfac_pro__M09585	3.11	FALSE	0.0106635897885315
JUND	CD8B	1	cisbp__M0311	3.11	FALSE	0.00815224309570715
JUND	EIF2AK2	1	cisbp__M0311	3.11	FALSE	0.00752111812974711
JUND	INTS12	1	transfac_pro__M09585	3.11	FALSE	0.00497826601427913
JUND	TP53BP2	1	transfac_pro__M09585	3.11	FALSE	0.0106836509911459
JUND	PARP14	1	transfac_pro__M07680	3.09	FALSE	0.00886014860363344
JUND	FAM89B	1	hocomoco__CREM_HUMAN.H11MO.0.C	3.05	FALSE	0.00991201948315518
JUND	PPP1R14B	1	hocomoco__CREM_HUMAN.H11MO.0.C	3.05	FALSE	0.0121231992877954
JUND	DNAJC21	1	cisbp__M0299	3.03	FALSE	0.0100516258875874
JUND	ATXN2L	15	taipale_cyt_meth__JUND_NRTGACGTCATN_eDBD	3.01	TRUE	0.0086142263364361
JUND	BSDC1	12	taipale_cyt_meth__JUND_NRTGACGTCATN_eDBD	3.01	TRUE	0.00596668772148513
JUND	CCDC102A	21	taipale_cyt_meth__JUND_NRTGACGTCATN_eDBD	3.01	TRUE	0.00589689878908556
JUND	CCNL1	34	taipale_cyt_meth__JUND_NRTGACGTCATN_eDBD	3.01	TRUE	0.0171462538995817
JUND	CD83	32	taipale_cyt_meth__JUND_NRTGACGTCATN_eDBD	3.01	TRUE	0.00909435081215777
JUND	ETV3	106	taipale_cyt_meth__JUND_NRTGACGTCATN_eDBD	3.01	TRUE	0.00815269467265249
JUND	GPR68	39	taipale_cyt_meth__JUND_NRTGACGTCATN_eDBD	3.01	TRUE	0.00445372425252188
JUND	GTPBP1	84	taipale_cyt_meth__JUND_NRTGACGTCATN_eDBD	3.01	TRUE	0.00585380708937117
JUND	IFT57	25	taipale_cyt_meth__JUND_NRTGACGTCATN_eDBD	3.01	TRUE	0.00578051021943315
JUND	ITPRIP	32	taipale_cyt_meth__JUND_NRTGACGTCATN_eDBD	3.01	TRUE	0.00907018119289543
JUND	JMY	46	taipale_cyt_meth__JUND_NRTGACGTCATN_eDBD	3.01	TRUE	0.011838708696319
JUND	KDM6B	29	taipale_cyt_meth__JUND_NRTGACGTCATN_eDBD	3.01	TRUE	0.00594207583145452
JUND	KLF9	38	taipale_cyt_meth__JUND_NRTGACGTCATN_eDBD	3.01	TRUE	0.00686542068138555
JUND	KRAS	24	taipale_cyt_meth__JUND_NRTGACGTCATN_eDBD	3.01	TRUE	0.0095630509443436
JUND	LENG8	37	taipale_cyt_meth__JUND_NRTGACGTCATN_eDBD	3.01	TRUE	0.00717245476926467
JUND	MAP9	73	taipale_cyt_meth__JUND_NRTGACGTCATN_eDBD	3.01	TRUE	0.00538178538278491
JUND	MAPK1IP1L	28	taipale_cyt_meth__JUND_NRTGACGTCATN_eDBD	3.01	TRUE	0.00783435997017597
JUND	METRNL	27	taipale_cyt_meth__JUND_NRTGACGTCATN_eDBD	3.01	TRUE	0.00987037881817675
JUND	MLLT6	25	transfac_pro__M08935	3.01	TRUE	0.0107336952972509
JUND	MXI1	101	taipale_cyt_meth__JUND_NRTGACGTCATN_eDBD	3.01	TRUE	0.0110318250847602
JUND	MYNN	33	taipale_cyt_meth__JUND_NRTGACGTCATN_eDBD	3.01	TRUE	0.00541048065798821
JUND	NFIL3	36	taipale_cyt_meth__JUND_NRTGACGTCATN_eDBD	3.01	TRUE	0.00732332692026021
JUND	NOTCH1	32	taipale_cyt_meth__JUND_NRTGACGTCATN_eDBD	3.01	TRUE	0.00539266808237929
JUND	PER1	51	taipale_cyt_meth__JUND_NRTGACGTCATN_eDBD	3.01	TRUE	0.0109741962965569
JUND	PNN	32	transfac_pro__M08935	3.01	TRUE	0.0125768175666576
JUND	PNPLA8	26	taipale_cyt_meth__JUND_NRTGACGTCATN_eDBD	3.01	TRUE	0.0127022598720049
JUND	PPP1R10	73	taipale_cyt_meth__JUND_NRTGACGTCATN_eDBD	3.01	TRUE	0.0166703277812479
JUND	RIOK3	19	taipale_cyt_meth__JUND_NRTGACGTCATN_eDBD	3.01	TRUE	0.0106665403322743
JUND	RRM1	35	taipale_cyt_meth__JUND_NRTGACGTCATN_eDBD	3.01	TRUE	0.00500211991301324
JUND	SAMD4B	40	taipale_cyt_meth__JUND_NRTGACGTCATN_eDBD	3.01	TRUE	0.00478512529455215
JUND	SBNO2	26	taipale_cyt_meth__JUND_NRTGACGTCATN_eDBD	3.01	TRUE	0.00432363612047584
JUND	SMAP2	27	taipale_cyt_meth__JUND_NRTGACGTCATN_eDBD	3.01	TRUE	0.00922968284144909
JUND	STX5	50	taipale_cyt_meth__JUND_NRTGACGTCATN_eDBD	3.01	TRUE	0.00765014883243521
JUND	UBQLN1	46	taipale_cyt_meth__JUND_NRTGACGTCATN_eDBD	3.01	TRUE	0.00736897336376266
JUND	WARS2	110	taipale_cyt_meth__JUND_NRTGACGTCATN_eDBD	3.01	TRUE	0.00477931965396245
JUND	YWHAZ	64	transfac_pro__M08935	3.01	TRUE	0.0169408628460627
KLF6	ATF3	2	hocomoco__KLF1_MOUSE.H11MO.0.A	3.87	FALSE	0.00881442128455568
KLF6	FAM53C	2	hocomoco__KLF1_MOUSE.H11MO.0.A	3.87	FALSE	0.0065447734947871
KLF6	KLF6	3	hocomoco__KLF1_MOUSE.H11MO.0.A	3.87	FALSE	NA
KLF6	LMNA	3	hocomoco__KLF1_MOUSE.H11MO.0.A	3.87	FALSE	0.00780913863014927
KLF6	MYADM	3	hocomoco__KLF1_MOUSE.H11MO.0.A	3.87	FALSE	0.0224769470944612
KLF6	RELB	2	hocomoco__KLF1_MOUSE.H11MO.0.A	3.87	FALSE	0.00585050506190074
KLF6	CD44	1	cisbp__M4811	3.83	FALSE	0.012109390588679
KLF6	ETV3	2	cisbp__M4811	3.83	FALSE	0.00523413961220234
KLF6	KLF9	2	cisbp__M4811	3.83	FALSE	0.00620769306553511
KLF6	NFKBIZ	1	cisbp__M4811	3.83	FALSE	0.0114181146228763
KLF6	TNFAIP3	1	cisbp__M4811	3.83	FALSE	0.0194702492699673
KLF6	DUSP10	1	hocomoco__KLF1_HUMAN.H11MO.0.A	3.59	FALSE	0.00688013796939899
KLF6	LRIG1	1	hocomoco__KLF1_HUMAN.H11MO.0.A	3.59	FALSE	0.00621432377117237
LEF1	AFF3	1	transfac_pro__M02774	3.82	TRUE	0.0189712493391835
LEF1	ANK3	7	transfac_pro__M02774	3.82	TRUE	0.0214344571972517
LEF1	DAPP1	1	transfac_pro__M02774	3.82	TRUE	0.0092225850160819
LEF1	FAM102A	5	transfac_pro__M02774	3.82	TRUE	0.0213774668456738
LEF1	FAM117B	4	transfac_pro__M02774	3.82	TRUE	0.0105684261561554
LEF1	IL6ST	2	transfac_pro__M02774	3.82	TRUE	0.0232788353327868
LEF1	ITGA6	1	transfac_pro__M02774	3.82	TRUE	0.0124723098090215
LEF1	LEF1	7	transfac_pro__M02774	3.82	TRUE	NA
LEF1	MAST4	3	transfac_pro__M02774	3.82	TRUE	0.00808150790587457
LEF1	TCF7	7	transfac_pro__M02774	3.82	TRUE	0.0207576642569283
LEF1	FKBP5	5	dbcorrdb__TCF7L2__ENCSR000EUY_1__m1	3.62	FALSE	0.0143933818116102
MXI1	BPGM	3	dbcorrdb__HMGN3__ENCSR000DOB_1__m1	4.49	FALSE	0.0414166976869947
MXI1	FECH	2	dbcorrdb__HMGN3__ENCSR000DOB_1__m1	4.49	FALSE	0.028892685269335
MXI1	MICAL2	17	dbcorrdb__HMGN3__ENCSR000DOB_1__m1	4.49	FALSE	0.0100361128285549
MXI1	MXI1	10	dbcorrdb__HMGN3__ENCSR000DOB_1__m1	4.49	FALSE	NA
MXI1	RNF10	1	dbcorrdb__HMGN3__ENCSR000DOB_1__m1	4.49	FALSE	0.0292822098006252
MXI1	ASCC2	3	dbcorrdb__STAT1__ENCSR000DZM_1__m3	4.45	FALSE	0.00968596347591958
MXI1	BLVRB	2	dbcorrdb__STAT1__ENCSR000DZM_1__m3	4.45	FALSE	0.0675081846214749
MXI1	BSG	17	dbcorrdb__STAT1__ENCSR000DZM_1__m3	4.45	FALSE	0.0199495461043341
MXI1	C9orf40	1	dbcorrdb__STAT1__ENCSR000DZM_1__m3	4.45	FALSE	0.0117570624199966
MXI1	C9orf78	2	dbcorrdb__STAT1__ENCSR000DZM_1__m3	4.45	FALSE	0.0307820734617047
MXI1	CREG1	1	dbcorrdb__STAT1__ENCSR000DZM_1__m3	4.45	FALSE	0.0311750615282162
MXI1	DCAF12	1	dbcorrdb__STAT1__ENCSR000DZM_1__m3	4.45	FALSE	0.0818505171892222
MXI1	EIF2AK1	1	dbcorrdb__STAT1__ENCSR000DZM_1__m3	4.45	FALSE	0.0114441253548817
MXI1	FKBP8	1	dbcorrdb__STAT1__ENCSR000DZM_1__m3	4.45	FALSE	0.051629229093796
MXI1	ISCA1	2	dbcorrdb__STAT1__ENCSR000DZM_1__m3	4.45	FALSE	0.0175356756006139
MXI1	MAP2K3	21	dbcorrdb__STAT1__ENCSR000DZM_1__m3	4.45	FALSE	0.0321476901212023
MXI1	MKRN1	2	dbcorrdb__STAT1__ENCSR000DZM_1__m3	4.45	FALSE	0.0523896996321386
MXI1	NCOA4	3	dbcorrdb__STAT1__ENCSR000DZM_1__m3	4.45	FALSE	0.029709904757703
MXI1	NUDT4	2	dbcorrdb__STAT1__ENCSR000DZM_1__m3	4.45	FALSE	0.0172420318346612
MXI1	RBM38	13	dbcorrdb__STAT1__ENCSR000DZM_1__m3	4.45	FALSE	0.043740323006226
MXI1	RNF11	2	dbcorrdb__STAT1__ENCSR000DZM_1__m3	4.45	FALSE	0.0134942498689681
MXI1	SESN3	3	dbcorrdb__STAT1__ENCSR000DZM_1__m3	4.45	FALSE	0.0134623823411785
MXI1	SLC1A5	19	dbcorrdb__STAT1__ENCSR000DZM_1__m3	4.45	FALSE	0.00801043410876796
MXI1	SLC25A37	2	dbcorrdb__STAT1__ENCSR000DZM_1__m3	4.45	FALSE	0.152583950051456
MXI1	SLC25A39	2	dbcorrdb__STAT1__ENCSR000DZM_1__m3	4.45	FALSE	0.118042053330467
MXI1	SNCA	2	dbcorrdb__STAT1__ENCSR000DZM_1__m3	4.45	FALSE	0.166279102245358
MXI1	ST6GALNAC4	2	dbcorrdb__STAT1__ENCSR000DZM_1__m3	4.45	FALSE	0.0210680750420358
MXI1	TALDO1	1	dbcorrdb__STAT1__ENCSR000DZM_1__m3	4.45	FALSE	0.012872387206396
MXI1	TCP11L2	2	dbcorrdb__STAT1__ENCSR000DZM_1__m3	4.45	FALSE	0.0112771212029981
MXI1	TMOD1	4	dbcorrdb__STAT1__ENCSR000DZM_1__m3	4.45	FALSE	0.03590009475876
MXI1	TSPAN5	3	dbcorrdb__STAT1__ENCSR000DZM_1__m3	4.45	FALSE	0.0117445565809631
MXI1	TUBB2A	2	dbcorrdb__STAT1__ENCSR000DZM_1__m3	4.45	FALSE	0.0990412107476949
MXI1	YPEL3	2	dbcorrdb__STAT1__ENCSR000DZM_1__m3	4.45	FALSE	0.0234455583438329
MXI1	BNIP3L	27	cisbp__M0153	4.4	FALSE	0.0800390536806497
MXI1	MARCH8	27	cisbp__M0153	4.4	FALSE	0.0127188042277176
MXI1	PRDX6	27	cisbp__M0153	4.4	FALSE	0.0230168905393565
MXI1	TFDP1	24	cisbp__M0153	4.4	FALSE	0.0157143931542991
MXI1	UBXN6	27	cisbp__M0153	4.4	FALSE	0.0210995324745986
MXI1	EIF1B	15	flyfactorsurvey__Max_Mnt_SANGER_5_FBgn0017578	4.03	FALSE	0.0173393851805216
MXI1	HAGH	22	flyfactorsurvey__Max_Mnt_SANGER_5_FBgn0017578	4.03	FALSE	0.0367967925998032
MXI1	PINK1	7	flyfactorsurvey__Max_Mnt_SANGER_5_FBgn0017578	4.03	FALSE	0.0274891293382311
MXI1	TESC	10	flyfactorsurvey__Max_Mnt_SANGER_5_FBgn0017578	4.03	FALSE	0.0179065206359581
MXI1	FBXO7	1	dbcorrdb__POLR2A__ENCSR000EZQ_1__m2	3.41	FALSE	0.0378584615838436
MXI1	FLCN	2	dbcorrdb__POLR2A__ENCSR000EZQ_1__m2	3.41	FALSE	0.0140461191330553
MXI1	GLUL	1	dbcorrdb__POLR2A__ENCSR000EZQ_1__m2	3.41	FALSE	0.0152090594499384
MXI1	GMPR	1	dbcorrdb__POLR2A__ENCSR000EZQ_1__m2	3.41	FALSE	0.136234196738818
MXI1	GSPT1	1	dbcorrdb__POLR2A__ENCSR000EZQ_1__m2	3.41	FALSE	0.0488224289389292
MXI1	SNX3	1	dbcorrdb__POLR2A__ENCSR000EZQ_1__m2	3.41	FALSE	0.0160073466848716
MXI1	GRINA	1	hocomoco__SP1_HUMAN.H11MO.0.A	3.22	FALSE	0.00798805657520247
MXI1	GLRX5	1	hocomoco__TFEB_HUMAN.H11MO.0.C	3.19	FALSE	0.0858374413847748
MXI1	GYPC	1	yetfasco__YFR034C_2222	3.15	FALSE	0.0610263639926382
MXI1	ZER1	3	yetfasco__YFR034C_2222	3.15	FALSE	0.0081437358662629
NFKB1	ATL2	1	cisbp__M3622	3.65	TRUE	0.00988787675218015
NFKB1	CD83	7	cisbp__M3622	3.65	TRUE	0.0150599127186758
NFKB1	ETV3	1	cisbp__M3622	3.65	TRUE	0.00686285438340034
NFKB1	IL6ST	6	cisbp__M3622	3.65	TRUE	0.0194493120871716
NFKB1	NFKBIZ	11	cisbp__M3622	3.65	TRUE	0.0182969288899121
NFKB1	ZBTB10	10	cisbp__M3622	3.65	TRUE	0.00783799367649737
NFKB1	IFFO2	5	transfac_public__M00208	3.61	TRUE	0.0086406823096464
NFKB1	NFKB1	8	transfac_public__M00208	3.61	TRUE	NA
NFKB1	PDE4B	6	transfac_public__M00208	3.61	TRUE	0.0058039652660779
NFKB1	TRAF3	6	transfac_public__M00208	3.61	TRUE	0.00833740989161175
NFKB1	GNA13	2	dbcorrdb__RELA__ENCSR000EBI_1__m1	3.43	FALSE	0.00907282729050481
NFKB1	GTPBP1	2	dbcorrdb__RELA__ENCSR000EBI_1__m1	3.43	FALSE	0.00632146978347773
NFKB1	TMEM63B	3	dbcorrdb__RELA__ENCSR000EBI_1__m1	3.43	FALSE	0.00454198328215369
NFKB1	ELL2	4	cisbp__M3625	3.29	TRUE	0.0191615055816078
NFKB1	IFIH1	1	cisbp__M3625	3.29	TRUE	0.0167062890921823
NFKB1	SLC16A1	1	cisbp__M3625	3.29	TRUE	0.00888992410029087
NFKB1	TP53BP1	4	cisbp__M3625	3.29	TRUE	0.00655152233013466
NFKB1	RAB30	2	cisbp__M6448	3.14	FALSE	0.00807002267124927
NFKB1	PELI1	2	transfac_pro__M07884	3.12	FALSE	0.0158400279773847
NFKB1	SH3D19	1	transfac_pro__M07884	3.12	FALSE	0.0110454296596005
NFKB1	SLC25A36	1	transfac_pro__M07884	3.12	FALSE	0.00744990545668406
NFKB1	TP53BP2	1	transfac_pro__M07884	3.12	FALSE	0.00782306848240271
NFKB1	USP36	1	transfac_pro__M07884	3.12	FALSE	0.00651803266881428
NFKB1	ATAD2	1	transfac_pro__M01239	3.07	FALSE	0.00919369700240396
NFKB1	IFIT3	1	transfac_pro__M01239	3.07	FALSE	0.0135455606024676
NFKB1	MPZL3	1	transfac_pro__M01239	3.07	FALSE	0.0133927450565111
NFKB1	RELB	1	transfac_pro__M01239	3.07	FALSE	0.0171405706003663
NFKB1	RPGR	1	transfac_pro__M01239	3.07	FALSE	0.00787472091821054
NFKB1	TIPARP	1	transfac_pro__M01239	3.07	FALSE	0.00726312937946243
NFKB1	CDC14A	3	swissregulon__hs__NFKB1_REL_RELA.p2	3.04	TRUE	0.0125148251141454
NFKB1	ZBTB11	1	swissregulon__hs__NFKB1_REL_RELA.p2	3.04	TRUE	0.00871139462940587
TCF7	NELL2	2	transfac_pro__M02774	3.98	FALSE	0.0131746623776482
TCF7	TMEM123	5	transfac_pro__M02774	3.98	FALSE	0.011987055071454
TCF7	IL7R	2	taipale__LEF1_DBD_AAAGATCAAAGGRWW_repr	3.82	FALSE	0.0285503150680603
TCF7	LEF1	23	transfac_pro__M08977	3.56	TRUE	0.0228851054335108
TCF7	TCF7	23	transfac_pro__M08977	3.56	TRUE	NA
TCF7	CD84	3	dbcorrdb__TCF7L2__ENCSR000EVQ_1__m1	3.42	FALSE	0.00849733310247022
TCF7	GPR183	2	dbcorrdb__TCF7L2__ENCSR000EVQ_1__m1	3.42	FALSE	0.02500028522038
TCF7	CCR7	9	transfac_pro__M02817	3.19	TRUE	0.0305858743579299
TCF7	DGKA	6	transfac_pro__M02817	3.19	TRUE	0.00871979472385695
TCF7	FAM102A	11	transfac_pro__M02817	3.19	TRUE	0.016439830469668
TCF7	ITGA6	9	transfac_pro__M02817	3.19	TRUE	0.00814609955995705
TCF7	LTB	8	transfac_pro__M02817	3.19	TRUE	0.0240795420219932
TCF7	SELL	9	transfac_pro__M02817	3.19	TRUE	0.0180204784744665
TCF7	SYPL1	6	transfac_pro__M02817	3.19	TRUE	0.00751301440053443
TCF7	TTN	8	transfac_pro__M02817	3.19	TRUE	0.00767985853701693
TCF7	XCL1	4	transfac_pro__M02817	3.19	TRUE	0.015286266441564
TCF7	TMEM63A	2	jaspar__MA0523.1	3.17	FALSE	0.00645552664305663
